RAdeg,DEdeg,Umag,Bmag,Vmag,Imag,Jmag,Hmag,Ksmag,[3.6],[4.5],[5.8],[8.0],[24],SpClass,GeneralClass
69.3381,-70.579,,-0.21300000000000097,-2.0519999999999996,-4.577,,,,-7.610099999999999,-7.7148,-7.832599999999999,-8.0159,-8.879199999999999,OAGB,DSS
71.6131,-68.7963,1.6320000000000014,2.225999999999999,0.5309999999999988,-2.1370000000000005,-5.039999999999999,-6.57,-7.84,-8.6656,-9.3873,-9.809999999999999,-10.242899999999999,-11.1944,CAGB,DSS
71.8277,-69.7057,-0.7270000000000003,-2.8759999999999994,-4.804,-7.219999999999999,-8.42,,,-9.654,-9.4759,-9.654499999999999,-9.762699999999999,-10.968499999999999,RSG,DSS
72.1573,-69.3936,,3.4499999999999993,2.4669999999999987,1.1359999999999992,-1.3200000000000003,-3.369999999999999,-5.309999999999999,-8.1534,-9.037899999999999,-9.8431,-10.6543,-13.6554,YSO,DSS
72.3932,-69.097,-5.087,-4.936,-5.254,-5.991999999999999,-6.389999999999999,-6.859999999999999,-7.42,-8.4329,-8.9152,-9.2952,-9.9431,-11.3106,OAGB,DSS
72.669,-68.9719,,2.585000000000001,0.1479999999999997,-3.8789999999999996,-5.369999999999999,-6.82,-8.01,-9.1563,-9.5804,-9.947099999999999,-10.3654,-10.9048,CAGB,DSS
72.8691,-69.9305,,2.7910000000000004,1.0160000000000018,-1.181000000000001,-4.629999999999999,-5.73,-6.34,-7.3873999999999995,-7.909799999999999,-8.4884,-9.318,-11.293399999999998,OAGB,DSS
73.0016,-69.3016,,,,,-0.16999999999999815,-1.0399999999999991,-2.3299999999999983,-4.884,-6.179,-7.417199999999999,-8.817499999999999,-15.3982,YSO,DSS
73.1196,-68.9142,,,,,-0.19000000000000128,-2.039999999999999,-3.59,-6.1875,-7.3384,-8.4668,-9.8902,-14.6756,YSO,DSS
73.1355,-67.0498,,2.3629999999999995,-1.5790000000000006,-4.719999999999999,-6.5,-7.68,,-9.2998,-9.151399999999999,-9.1733,-9.7067,-10.0642,CAGB,DSS
73.2896,-68.2861,1.1709999999999994,0.347999999999999,-1.7949999999999982,-4.949,-6.32,-7.18,-7.51,-7.7881,-7.747399999999999,-7.928899999999999,-8.010399999999999,,OAGB,DSS
73.296,-67.0655,,,,,-0.6799999999999997,-1.6600000000000001,-2.6999999999999993,-5.6647,-6.8893,-8.2636,-9.5581,-15.303799999999999,YSO,DSS
73.3697,-66.0596,,,,,-5.809999999999999,-7.0,,-9.121699999999999,-9.2633,-9.552299999999999,-10.048499999999999,-10.3464,CAGB,DSS
73.3782,-69.2969,-0.4869999999999983,-2.7590000000000003,-4.686999999999999,,,,,-11.0196,-11.0624,-11.3944,-11.9942,-16.6619,RSG,DSS
73.4345,-66.1961,,,,,,,-2.34,-7.009699999999999,-8.8125,-10.3285,-11.7412,-14.3032,CAGB,DSS
73.8612,-68.4192,1.8949999999999996,2.596,2.0790000000000006,0.41600000000000037,-1.4899999999999984,-3.16,-4.74,-6.7477,-7.491899999999999,-8.4538,-9.843,-16.123,YSO,DSS
73.892,-65.9503,-0.3520000000000003,0.7190000000000012,0.3810000000000002,-0.5970000000000013,-1.1499999999999986,-2.16,-4.039999999999999,-7.3955,-8.598099999999999,-9.624699999999999,-10.828,-14.1694,YSO,DSS
74.0969,-69.4634,-0.8129999999999988,-2.309000000000001,-3.8919999999999995,-5.397,-6.369999999999999,-6.99,-7.309999999999999,-7.9884,-8.100399999999999,-8.4503,-9.0231,-11.3307,OAGB,DSS
74.7294,-69.1884,2.8279999999999994,0.8170000000000002,-1.7759999999999998,-4.477,-6.459999999999999,-7.41,-7.879999999999999,-8.5009,-8.447199999999999,-8.548399999999999,-8.950999999999999,-9.0129,CAGB,DSS
75.1358,-66.3535,2.530999999999999,2.6260000000000012,1.975999999999999,0.5350000000000001,0.33000000000000185,-1.1600000000000001,-2.2300000000000004,-4.551,-5.380599999999999,-6.531799999999999,-7.978299999999999,-11.4812,YSO,DSS
75.5896,-66.1105,-5.199,-5.557,-7.5009999999999994,-8.106,,,,-10.9514,-10.855599999999999,-11.1746,-11.6173,-13.634799999999998,RSG,DSS
75.6008,-66.1104,-1.5489999999999995,-1.338000000000001,-1.5679999999999978,-2.0839999999999996,-2.0599999999999987,-3.2300000000000004,-4.85,-7.4354,-8.3012,-8.997,-9.95,-12.230599999999999,PAGB,DSS
75.8193,-65.8291,1.1610000000000014,0.2510000000000012,-2.245000000000001,-5.004,-6.9,,,-9.4607,-9.436399999999999,-9.619399999999999,-10.2427,-10.2872,CAGB,DSS
75.9038,-68.5607,1.647000000000002,0.9939999999999998,-2.2609999999999992,-5.225,-7.18,-8.35,,-9.563699999999999,-9.4495,-9.5991,-10.0674,-10.6703,CAGB,DSS
75.9726,-70.4632,0.6810000000000009,0.14700000000000202,-2.2379999999999995,-5.244,-7.1,-8.08,-8.629999999999999,-9.3021,-9.2204,-9.307,-9.769599999999999,-10.1878,CAGB,DSS
75.9774,-67.3133,,,,,-2.3000000000000007,-4.209999999999999,-5.959999999999999,-8.376,-9.265799999999999,-10.0117,-11.012699999999999,-14.8492,YSO,DSS
76.0309,-66.4452,-1.841000000000001,-3.3259999999999987,-5.032,-6.908999999999999,-7.9,-8.76,,-9.072,-8.867099999999999,-8.9839,-9.0125,-9.1287,RSG,DSS
76.0323,-66.4182,,-0.12099999999999866,-2.3919999999999995,-4.623999999999999,-6.299999999999999,-7.1899999999999995,-7.67,-8.1899,-8.371599999999999,-8.642999999999999,-8.9721,-9.5503,CAGB,DSS
76.0461,-66.438,-2.279,-3.645999999999999,-5.398,-7.384,-8.24,-9.15,,-9.446,-9.2689,-9.4153,-9.5275,-10.1136,RSG,DSS
76.1205,-67.6898,0.28000000000000114,-0.10800000000000054,-1.9229999999999983,-6.077999999999999,-7.359999999999999,-8.17,,-9.3111,-9.524799999999999,-9.792,-10.518699999999999,-12.899799999999999,OAGB,DSS
76.2154,-66.6354,-3.5549999999999997,-2.578999999999999,-3.2249999999999996,-4.219999999999999,-4.59,-5.369999999999999,-6.32,-8.029499999999999,-8.647499999999999,-9.451699999999999,-10.5577,-14.9218,YSO,DSS
76.2635,-69.4074,,,,,-6.049999999999999,-7.08,-7.6899999999999995,-8.396899999999999,-8.312899999999999,-8.4171,-8.8528,-8.9595,CAGB,DSS
76.482,-67.3692,,,,,-3.9499999999999993,-5.6,-6.73,-8.3514,-8.6982,-9.0975,-9.4973,-10.0316,CAGB,DSS
76.4927,-68.1566,,0.6209999999999987,-1.2240000000000002,-2.8550000000000004,-3.5199999999999996,-4.07,-4.299999999999999,-5.335899999999999,-5.9696,-6.4777000000000005,-7.6815999999999995,-11.4398,YSO,DSS
76.5315,-71.6967,,,,,-4.48,-5.93,-7.139999999999999,-8.6866,-9.0452,-9.365499999999999,-9.6458,-10.1886,CAGB,DSS
76.6236,-68.9263,,,,,-5.629999999999999,-6.77,-7.459999999999999,-8.28,-8.1097,-7.9885,-8.6496,-8.5198,CAGB,DSS
76.7895,-68.9806,,,,,-6.449999999999999,-7.77,,-9.969,-10.1352,-10.314,-10.747399999999999,-10.959299999999999,CAGB,DSS
76.8082,-67.8129,,,,,-2.009999999999998,-3.0999999999999996,-3.959999999999999,-6.294599999999999,-7.195,-8.833499999999999,-10.9407,-15.2629,PAGB,DSS
76.9707,-68.2129,,,,,-4.02,-5.559999999999999,-6.92,-8.6038,-9.2571,-9.8395,-10.3126,-11.0411,CAGB,DSS
76.9974,-68.6572,,1.2360000000000007,-1.8329999999999984,-3.9960000000000004,-5.17,-6.07,-6.449999999999999,-7.339599999999999,-7.9551,-8.601799999999999,-9.552999999999999,-11.697299999999998,OAGB,DSS
77.1097,-68.5208,,3.3569999999999993,1.115000000000002,-2.674999999999999,-5.039999999999999,-6.539999999999999,-7.75,-9.1558,-9.6379,-10.1546,-10.602,-11.1569,CAGB,DSS
77.1276,-69.3771,-3.92,-4.064,-4.2379999999999995,-4.9399999999999995,-6.1,-6.949999999999999,-7.43,-8.0329,-8.2708,-8.6325,-10.1119,-13.1572,PAGB,DSS
77.1516,-69.7209,2.3210000000000015,1.8000000000000007,-1.445999999999998,-3.526,-5.76,-6.65,-7.129999999999999,-7.7341,-7.6843,-7.8751,-8.3445,-9.156799999999999,CAGB,DSS
77.3608,-69.1157,0.06500000000000128,-1.0839999999999996,-2.7489999999999988,-5.189,-6.869999999999999,-7.779999999999999,-8.04,-8.293899999999999,-8.1512,-8.2956,-8.3295,-8.5921,OAGB,DSS
77.3734,-69.1307,,-4.007999999999999,-3.603999999999999,,-4.299999999999999,-4.98,-5.039999999999999,,-6.628,-7.1114,-7.917199999999999,-10.1332,OAGB,DSS
77.6182,-68.7421,,,,,-2.2300000000000004,-4.449999999999999,-6.4399999999999995,-8.5853,-9.5456,-10.2929,-10.9536,-12.0954,CAGB,DSS
77.7461,-68.9372,-0.009000000000000341,-0.559000000000001,-2.8279999999999994,-5.955,-7.73,,,-9.401399999999999,-9.3345,-9.604199999999999,-9.9253,-11.6904,OAGB,DSS
78.0381,-71.1138,-4.421999999999999,-4.055999999999999,-4.253,-4.616999999999999,-4.779999999999999,-5.24,-6.24,-8.4109,-9.1935,-9.9191,-11.032699999999998,-13.8089,YSO,DSS
78.0563,-68.6563,,0.5530000000000008,-0.7789999999999999,-4.452,-6.289999999999999,-7.1899999999999995,-7.549999999999999,-7.8407,-7.3978,-8.027999999999999,-8.4462,-10.4934,OAGB,DSS
78.1175,-69.1323,-2.921999999999999,-1.934000000000001,-2.3659999999999997,-2.3909999999999982,-2.91,-3.4000000000000004,-4.1899999999999995,-6.09,-6.722199999999999,-8.4134,-10.256499999999999,-14.8769,PAGB,DSS
78.2576,-69.5642,,,,,-1.5399999999999991,-2.1799999999999997,-2.25,-2.6784999999999997,-4.8148,-7.8246,-10.6569,-15.1977,CAGB,DSS
78.2769,-69.1629,,,,,-3.5299999999999994,-5.35,-6.98,-9.2053,-9.891,-10.4378,-10.9161,-11.694099999999999,CAGB,DSS
78.4162,-66.648,1.9840000000000018,0.46000000000000085,-1.3999999999999986,-4.513999999999999,-6.27,-7.139999999999999,-7.48,-7.754199999999999,-7.769399999999999,-7.9252,-8.1612,-9.485999999999999,OAGB,DSS
78.4491,-69.5848,,,,,,-0.5300000000000011,-2.289999999999999,,-6.6256,-8.1603,-9.6035,-15.159099999999999,YSO,DSS
78.5514,-68.8495,1.6660000000000004,0.5890000000000022,-1.0,-4.359999999999999,-6.1,-7.1,-7.34,-7.649099999999999,-7.642799999999999,-7.8384,-7.999699999999999,-9.339,OAGB,DSS
78.7059,-67.2061,2.779,2.625,2.1320000000000014,0.2510000000000012,-1.4899999999999984,-3.549999999999999,-5.6,-8.11,-9.2214,-10.1409,-11.1204,-15.0306,YSO,DSS
78.7214,-69.2899,0.9989999999999988,-0.7710000000000008,-2.4939999999999998,-3.926,-5.039999999999999,-5.76,-5.98,-6.3759,-6.7463,-7.577399999999999,-8.9986,-12.3899,PAGB,DSS
79.0521,-70.8251,1.8629999999999995,0.5940000000000012,-1.2729999999999997,-4.623999999999999,-6.309999999999999,-7.129999999999999,-7.49,-7.7448,-7.6876999999999995,-7.8406,-8.037899999999999,-9.2434,OAGB,DSS
79.4466,-68.3119,,1.222999999999999,-0.7929999999999993,-3.763,-5.369999999999999,-6.24,-6.539999999999999,-6.8421,-6.9354,-7.117099999999999,-7.827499999999999,-9.6821,OAGB,DSS
79.5136,-68.8307,,,,,-5.029999999999999,-6.42,-7.57,-9.018799999999999,-9.3304,-9.686,-10.0804,-10.672799999999999,CAGB,DSS
79.546,-67.4469,-0.3069999999999986,-1.5180000000000007,-3.4160000000000004,-6.682,-8.23,-9.12,,-9.732099999999999,-9.597,-9.8872,-10.045,-11.587299999999999,OAGB,DSS
79.636,-69.4238,,1.9540000000000006,-1.3359999999999985,-4.423,-6.17,-7.289999999999999,,-8.7569,-8.5933,-8.5373,-9.0475,-9.3493,CAGB,DSS
79.6887,-70.093,1.6140000000000008,0.6870000000000012,-1.038999999999998,-2.8739999999999988,-3.869999999999999,-4.25,-4.52,-5.8149,-6.982799999999999,-9.0953,-11.3382,-15.1075,PAGB,DSS
79.7857,-69.3873,2.339000000000002,1.3470000000000013,-2.2590000000000003,-4.987,-6.48,-7.539999999999999,,-8.986799999999999,-8.857,-8.920499999999999,-9.447899999999999,-9.9942,CAGB,DSS
79.7945,-69.5628,,,,,-6.639999999999999,-7.84,,-9.3629,-9.142299999999999,-9.040899999999999,-9.675099999999999,-10.8,CAGB,DSS
80.0597,-70.492,1.689,-0.23900000000000077,-1.9450000000000003,-4.503,-6.09,-6.9399999999999995,-7.26,-7.406699999999999,-7.4696,-7.6256,-7.8627,-9.1497,OAGB,DSS
80.1,-69.9065,-0.09600000000000009,-0.2740000000000009,-1.4570000000000007,-2.4299999999999997,-2.889999999999999,-3.58,-4.719999999999999,-7.196899999999999,-8.1797,-9.0184,-10.0481,-14.9126,YSO,DSS
80.216,-69.5689,,,,,-6.209999999999999,-7.049999999999999,-7.379999999999999,-7.6881,-7.7120999999999995,-7.900699999999999,-8.297699999999999,-10.156699999999999,OAGB,DSS
80.257,-69.2381,1.5010000000000012,-0.6170000000000009,-2.3309999999999995,-5.148,-6.82,-7.6899999999999995,,-8.288,-8.1809,-8.4025,-9.094299999999999,-11.1101,OAGB,DSS
80.5288,-71.8383,1.0250000000000021,-0.06099999999999994,-1.782,-4.687999999999999,-6.109999999999999,-6.93,-7.24,-7.5168,-7.563599999999999,-7.784599999999999,-8.841999999999999,-10.8154,OAGB,DSS
80.5956,-68.6836,-0.37900000000000134,0.9600000000000009,0.15899999999999892,-0.29299999999999926,-2.75,-3.5599999999999987,-4.709999999999999,-6.6454,-7.2448,-8.559899999999999,-10.0863,-13.5999,YSO,DSS
80.675,-69.2572,,2.7510000000000012,1.6649999999999991,-0.6690000000000005,-4.049999999999999,-5.76,-7.299999999999999,-8.818,-9.5847,-10.191699999999999,-10.753799999999998,-11.6916,CAGB,DSS
80.729,-69.6145,,-0.20899999999999963,-1.6789999999999985,-4.317,-5.6899999999999995,-6.49,-6.85,-7.3384,-7.4483,-7.6753,-8.1623,-10.012,OAGB,DSS
80.9631,-68.1201,,0.9059999999999988,-1.8629999999999995,,-4.969999999999999,-5.43,-6.73,-8.278599999999999,-9.1907,-9.930399999999999,-10.8707,-16.6174,YSO,DSS
80.9747,-71.5789,,,,,0.010000000000001563,-2.629999999999999,-5.369999999999999,-8.7468,-9.873199999999999,-10.7881,-11.6837,-15.227,YSO,DSS
81.022,-68.3006,,,,,-4.789999999999999,-6.26,-7.49,-8.9462,-9.3896,-9.803799999999999,-10.2393,-10.9218,CAGB,DSS
81.189,-69.2682,,2.5779999999999994,-0.9710000000000001,-4.017999999999999,-5.1,-6.49,,-9.4642,-9.956199999999999,-10.3982,-10.6828,-11.4693,CAGB,DSS
81.2411,-67.4162,-4.182,-3.7460000000000004,-3.847999999999999,-4.183999999999999,-4.609999999999999,-5.1899999999999995,-6.059999999999999,-7.520199999999999,-8.0829,-8.5415,-9.1557,-10.8672,YSO,DSS
81.4439,-66.2365,,,,,-0.7100000000000009,-2.5999999999999996,-5.17,-8.594999999999999,-9.7653,-10.622699999999998,-11.6369,-15.632,YSO,DSS
81.5557,-68.7876,1.774000000000001,0.7690000000000019,-0.6069999999999993,-1.3309999999999995,-2.75,-3.34,-4.1899999999999995,-6.1389,-6.9323999999999995,-8.318,-10.3375,-14.8398,YSO,DSS
81.5838,-69.6507,2.8099999999999987,1.1730000000000018,-0.8790000000000013,-4.304,-6.369999999999999,-7.219999999999999,-7.559999999999999,-7.8734,-7.7036999999999995,-7.9803,-8.300099999999999,-10.220699999999999,OAGB,DSS
81.6134,-66.7163,-2.8520000000000003,-2.9909999999999997,-3.828999999999999,-4.506,-4.809999999999999,-5.1899999999999995,-5.51,-7.368699999999999,-8.2325,-9.0282,-9.997,-11.9987,PAGB,DSS
81.7794,-70.3339,-3.5389999999999997,-2.7270000000000003,-2.789999999999999,-2.751999999999999,-3.0199999999999996,-3.6500000000000004,-4.85,-7.0799,-7.834099999999999,-8.347199999999999,-9.032499999999999,-10.9566,PAGB,DSS
81.8468,-71.4071,1.9750000000000014,2.5120000000000005,1.745000000000001,0.5289999999999999,-0.8099999999999987,-1.5799999999999983,-2.34,-4.669599999999999,-5.069099999999999,-7.5024,-9.3508,-14.4522,YSO,DSS
81.8986,-69.1489,-2.6229999999999993,-1.8689999999999998,-2.1119999999999983,-2.956999999999999,-3.549999999999999,-4.17,-5.6899999999999995,-8.567599999999999,-9.759599999999999,-10.7327,-11.9469,-14.383299999999998,PAGB,DSS
81.9113,-69.4792,-1.8999999999999986,-3.981,-5.9399999999999995,-7.8759999999999994,,,,-10.4956,-10.3316,-10.546,-10.7211,-12.6374,RSG,DSS
81.9151,-69.1504,-5.397,-5.186,-6.334,,,,,-10.821,-10.6018,-10.8199,-10.9172,-11.1232,RSG,DSS
81.9484,-71.8147,-4.882,-4.177,-4.276999999999999,-4.705,-5.049999999999999,-5.719999999999999,-6.66,-8.4602,-9.1273,-9.6359,-10.388399999999999,-12.4758,PAGB,DSS
82.0246,-70.1317,,,,,-6.469999999999999,-7.719999999999999,,-9.5826,-9.6769,-9.7662,-10.220799999999999,-11.988499999999998,CAGB,DSS
82.1076,-69.7799,2.0650000000000013,-1.2540000000000013,-2.657,-5.15,-6.559999999999999,-7.539999999999999,-8.04,-8.632399999999999,-8.5933,-8.747399999999999,-9.1519,-9.6223,CAGB,DSS
82.3526,-69.9206,,,,,-2.969999999999999,-5.9399999999999995,,-10.9192,-11.6915,-12.4043,-13.3166,-16.330099999999998,OAGB,DSS
82.4783,-69.0711,-2.626999999999999,-4.116,-5.974,,,,,-10.2801,-10.138399999999999,-10.369299999999999,-10.608799999999999,-11.716999999999999,RSG,DSS
82.5194,-68.7914,-1.4269999999999996,-3.6259999999999994,-5.543999999999999,,,,,-9.940199999999999,-9.7224,-9.9391,-10.1127,-11.099699999999999,RSG,DSS
82.615,-69.0664,3.1290000000000013,1.9529999999999994,1.4849999999999994,-3.583,-5.83,-6.59,-7.039999999999999,-7.6158,-7.7348,-7.9518,-8.1648,-8.882299999999999,OAGB,DSS
82.6853,-71.7167,1.971,0.5820000000000007,-0.7809999999999988,-2.1159999999999997,-3.09,-3.719999999999999,-3.92,-4.634699999999999,-6.322099999999999,-8.296,-10.6799,-15.7599,CAGB,DSS
82.6875,-68.3581,,,,,-3.9800000000000004,-5.809999999999999,-7.32,-9.508099999999999,-9.8906,-10.2644,-10.7514,-11.3308,CAGB,DSS
82.695,-67.2825,-1.9289999999999985,-3.424999999999999,-5.0969999999999995,-9.01,-7.77,-8.51,,-8.8798,-8.7013,-8.8325,-8.8188,-9.213899999999999,RSG,DSS
82.7016,-67.2794,-4.317,-4.366,-5.443999999999999,,,,,-9.735899999999999,-9.5313,-9.758099999999999,-9.8484,-10.7213,RSG,DSS
82.7178,-67.2929,-3.6769999999999996,-4.235999999999999,-5.664,,-8.77,,,-9.890699999999999,-9.750399999999999,-9.9229,-10.0853,-11.7098,RSG,DSS
82.8685,-70.1743,,2.833000000000002,-1.0350000000000001,-4.276,-5.83,-7.07,-7.91,-8.916699999999999,-9.2335,-9.7114,-10.6219,-12.7209,OAGB,DSS
83.0778,-67.5295,-5.477,-5.026,-5.824,,,,,-10.0541,-9.877699999999999,-10.072899999999999,-10.1418,-10.679099999999998,RSG,DSS
83.0805,-67.5223,,-3.5649999999999995,-5.901,,,,,-10.7098,-10.7058,-11.053,-11.579,-13.3188,RSG,DSS
83.1655,-69.5137,-0.10099999999999909,0.26099999999999923,-0.6039999999999992,-1.1159999999999997,-1.5199999999999996,-2.2300000000000004,-3.51,-6.3415,-7.1883,-8.2046,-9.591099999999999,-13.1802,YSO,DSS
83.2291,-67.6131,0.9610000000000021,-0.34299999999999997,-2.2390000000000008,-4.904,-6.619999999999999,-7.6,-8.049999999999999,-8.7072,-8.719,-8.987599999999999,-9.387599999999999,-10.2469,CAGB,DSS
83.2786,-70.5095,,0.8189999999999991,0.2240000000000002,,-0.6600000000000001,,-4.4399999999999995,-8.5636,-9.9459,-11.1031,-12.1411,-14.110399999999998,CAGB,DSS
83.3275,-66.0111,,,,,-4.459999999999999,-6.029999999999999,-7.5,-8.928099999999999,-9.515699999999999,-10.0361,-10.6343,-11.7127,CAGB,DSS
83.43,-70.9892,-1.721,-2.6639999999999997,-3.744999999999999,-6.477,-7.619999999999999,-8.53,,-9.1053,-8.9513,-9.1365,-9.1928,-9.9888,OAGB,DSS
83.4334,-70.9837,0.1999999999999993,-0.9589999999999996,-1.8599999999999994,-5.276999999999999,-7.02,-7.9,-8.19,-8.450999999999999,-8.371599999999999,-8.566699999999999,-8.664299999999999,-10.0084,OAGB,DSS
83.6727,-69.4419,,4.257999999999999,2.1960000000000015,-3.6630000000000003,-3.639999999999999,-5.74,-7.5,-9.5166,-10.2296,-10.739999999999998,-11.238,-11.7805,CAGB,DSS
83.8292,-67.0388,-1.6699999999999982,-3.286999999999999,-5.760999999999999,,,,,-10.544599999999999,-10.482199999999999,-10.7639,-11.1382,-13.5742,RSG,DSS
83.9503,-70.5296,1.379999999999999,0.5809999999999995,-1.245000000000001,-4.477,-6.5,-7.34,-7.73,-7.996599999999999,-7.911,-8.0459,-8.2778,-9.746599999999999,OAGB,DSS
84.01,-67.7548,1.522000000000002,1.1550000000000011,0.833000000000002,-0.26699999999999946,-1.6699999999999982,-2.969999999999999,-4.209999999999999,-5.7241,-6.4033999999999995,-7.1912,-8.252799999999999,-12.0506,YSO,DSS
84.1356,-70.2941,,,,,-0.759999999999998,-2.0199999999999996,-3.3499999999999996,-6.5913,-7.68,-9.3163,-11.1213,-15.556,PAGB,DSS
84.2316,-68.1902,2.1849999999999987,1.181000000000001,-0.8049999999999997,-4.584999999999999,-6.129999999999999,-7.0,-7.389999999999999,-7.7196,-7.553599999999999,-7.7989,-8.2214,-10.0985,OAGB,DSS
84.8748,-69.9656,,2.966000000000001,1.939,-1.2119999999999997,-3.119999999999999,-5.059999999999999,-6.719999999999999,-9.179,-9.7568,-10.257,-10.7361,-11.4935,CAGB,DSS
84.9267,-71.1791,,,,,-0.05000000000000071,-1.3599999999999994,-3.5700000000000003,-6.4422999999999995,-7.331799999999999,-8.358699999999999,-9.578199999999999,-12.5534,YSO,DSS
84.9394,-66.9694,1.3270000000000017,-0.907,-2.1389999999999993,-5.078999999999999,-6.49,-7.35,-7.609999999999999,-7.897,-7.9199,-8.1009,-8.6144,-10.4515,OAGB,DSS
85.0617,-69.4804,-1.8790000000000013,-1.4100000000000001,-1.7629999999999981,-2.4869999999999983,-3.1500000000000004,-3.92,-5.43,-8.4643,-9.7586,-10.809999999999999,-12.123899999999999,-15.7545,PAGB,DSS
85.1398,-70.5447,0.7119999999999997,1.2729999999999997,0.17900000000000205,-0.7139999999999986,-1.8000000000000007,-2.509999999999998,-3.299999999999999,-5.532299999999999,-6.356499999999999,-7.779299999999999,-9.5839,-13.7637,YSO,DSS
85.247,-70.7341,,,,,,-1.7100000000000009,-3.369999999999999,-6.536099999999999,-7.906599999999999,-8.9583,-10.166699999999999,-14.7014,YSO,DSS
85.2584,-70.7196,-2.227999999999998,1.7729999999999997,-0.14000000000000057,-5.420999999999999,-8.37,,,-10.2021,-10.408999999999999,-10.636099999999999,-11.3066,-13.5032,OAGB,DSS
85.3107,-71.5434,-0.8189999999999991,-1.1080000000000005,-2.129999999999999,-3.9399999999999995,-5.25,-6.139999999999999,-6.51,-7.3088,-7.743499999999999,-8.2578,-9.046999999999999,-10.965,OAGB,DSS
85.3363,-69.0789,,,,,,,-1.5500000000000007,-6.040699999999999,-8.357,-10.1355,-11.7986,-14.738,CAGB,DSS
85.3544,-71.2591,,,,,,-2.0500000000000007,,-6.223599999999999,-6.8881,-8.062299999999999,-9.3027,-15.1781,YSO,DSS
85.4893,-69.2052,-4.227,-4.446,-5.714,,-8.78,,,-9.9771,-9.8797,-10.1062,-10.371699999999999,-11.628699999999998,RSG,DSS
85.5162,-69.2188,-4.456999999999999,-4.166,-5.224,,,,,-10.0139,-9.847299999999999,-10.1661,-10.5705,-12.1537,RSG,DSS
85.5283,-69.2087,-6.0969999999999995,-5.9559999999999995,-5.953999999999999,,-8.799999999999999,-9.67,,-9.977599999999999,-9.9591,-10.3257,-10.887899999999998,-12.5756,RSG,DSS
85.5416,-69.2247,-0.5640000000000001,-2.4570000000000007,-4.587999999999999,-7.0489999999999995,-8.67,,,-10.0399,-9.941699999999999,-10.2712,-10.73,-12.471599999999999,RSG,DSS
85.6272,-69.8159,0.09299999999999997,-0.9830000000000005,-2.7590000000000003,-5.911999999999999,-7.719999999999999,-8.73,,-9.215399999999999,-9.0608,-9.2759,-9.4871,-9.8806,OAGB,DSS
85.7276,-70.1355,,1.5040000000000013,-0.5889999999999986,-4.584999999999999,-6.879999999999999,-7.779999999999999,,-8.5001,-8.4485,-8.6477,-8.7887,-10.2872,OAGB,DSS
85.7953,-67.4579,0.16000000000000014,-1.6179999999999986,-3.407,-5.446,-6.65,-7.449999999999999,-7.709999999999999,-8.028599999999999,-8.3803,-8.998,-10.671399999999998,-14.181,PAGB,DSS
85.8092,-70.6431,-1.0999999999999979,-1.556000000000001,-3.0619999999999994,-5.878,-7.4,-8.4,,-8.9139,-8.7773,-8.978299999999999,-9.045499999999999,-9.4474,OAGB,DSS
85.8699,-69.7122,,1.443999999999999,-1.038999999999998,-3.7989999999999995,-5.59,-6.67,-7.309999999999999,-8.2104,-8.119399999999999,-8.2487,-8.8591,-10.2242,CAGB,DSS
86.0254,-68.6316,-0.4869999999999983,-0.879999999999999,-3.657,-6.5489999999999995,-8.27,-9.19,,-9.799,-9.766,-10.0406,-10.2602,-11.5329,OAGB,DSS
86.158,-67.6161,,,,,-4.379999999999999,-6.049999999999999,-7.449999999999999,-9.125,-9.749799999999999,-10.190999999999999,-10.6715,-11.3904,CAGB,DSS
86.1671,-69.197,2.053000000000001,-0.1280000000000001,-1.876999999999999,-4.155999999999999,-5.5,-6.33,-6.6,-6.7532,-6.7096,-6.8980999999999995,-8.0804,-11.017199999999999,OAGB,DSS
86.2093,-69.3847,1.8919999999999995,2.062999999999999,1.5079999999999991,0.18400000000000105,-1.2100000000000009,-2.2300000000000004,-3.49,-5.8362,-6.7735,-8.2099,-9.7069,-15.941699999999999,YSO,DSS
86.9409,-68.1262,-4.094999999999999,-4.168999999999999,-4.341999999999999,-4.366999999999999,-4.889999999999999,-5.25,-5.99,-7.7293,-8.427299999999999,-8.994,-9.8895,-11.914,YSO,DSS
87.0702,-71.4777,,,,,-6.129999999999999,-7.4,-8.26,-9.353,-9.5696,-9.844199999999999,-10.242899999999999,-10.4079,CAGB,DSS
87.2504,-70.5562,,3.146000000000001,2.564,2.3320000000000007,,,,-3.1113999999999997,-4.8369,-7.2087,-10.0565,-16.1009,CAGB,DSS
87.6526,-68.4812,3.0869999999999997,0.7890000000000015,-1.375,-3.8309999999999995,-5.52,-6.4399999999999995,-6.9399999999999995,-7.4437999999999995,-7.4297,-7.659599999999999,-7.8451,,CAGB,DSS
88.2128,-69.4775,,0.7149999999999999,-1.9149999999999991,-4.699,-6.199999999999999,-7.199999999999999,-7.789999999999999,-8.3256,-8.246599999999999,-8.3357,-8.6089,-8.5159,CAGB,DSS
88.3002,-70.2563,1.7800000000000011,1.6239999999999988,2.0130000000000017,0.7910000000000004,-2.0500000000000007,-2.5599999999999987,-3.4800000000000004,-5.7287,-6.6256,-8.6205,-10.7723,-15.5241,PAGB,DSS
90.2234,-68.0108,1.1820000000000022,0.2789999999999999,-1.5509999999999984,-4.982999999999999,,,,-8.0231,-8.0707,-8.2066,-8.3703,-9.5376,OAGB,DSS
70.7389,-70.2071,,,,,-2.869999999999999,-5.07,-6.98,-9.4881,-10.238199999999999,-10.8737,-11.466999999999999,-12.4311,CAGB,DSS
71.2436,-70.5896,-2.8259999999999987,-2.7329999999999988,-3.017999999999999,-3.365,-3.7799999999999994,-4.02,-4.32,-6.2209,-7.135,-8.0141,-9.1608,-11.4891,PAGB,DSS
71.8171,-68.4072,0.9969999999999999,0.9400000000000013,0.6870000000000012,-0.4089999999999989,-3.09,-5.23,-7.08,-10.8144,-11.534199999999998,-12.197099999999999,-12.790299999999998,-13.8804,CAGB,DSS
71.823,-69.1583,-0.05900000000000105,-0.40700000000000003,-0.3990000000000009,-1.315999999999999,-2.34,-3.0299999999999994,-3.959999999999999,-6.0578,-6.547499999999999,-8.772,-10.599,-16.2834,YSO,DSS
72.3269,-69.8872,,,,,-6.51,-8.12,-9.379999999999999,-10.8972,-11.5317,-12.195799999999998,-12.816299999999998,-14.5185,CAGB,DSS
72.3437,-69.4096,0.04100000000000037,-2.583,-4.743,,,,,-11.154699999999998,-11.247599999999998,-11.5217,-12.0604,-14.576699999999999,RSG,DSS
72.4228,-68.6308,,4.254000000000001,0.833000000000002,-6.321999999999999,,,,-11.7814,-12.131799999999998,-12.5577,-13.613399999999999,-15.8627,RSG,DSS
72.5549,-69.5658,-1.875,-1.541999999999998,-2.5380000000000003,,-2.75,-2.959999999999999,-4.049999999999999,-6.311,-7.5695,-8.9848,-10.6954,-15.2621,PAGB,DSS
72.6685,-69.2922,,,,,-7.619999999999999,,,-11.1298,-11.4847,-11.8795,-12.904,-15.7381,RSG,DSS
72.7957,-69.3373,,,,,-5.969999999999999,-7.48,,-10.376199999999999,-11.02,-11.633,-12.168399999999998,-12.9674,CAGB,DSS
72.7976,-69.4463,,,,,-1.1400000000000006,-2.4499999999999993,-3.58,-6.7255,-8.567599999999999,-10.1713,-11.4704,-17.3924,YSO,DSS
72.7976,-69.4463,,,,,-1.1400000000000006,-2.4499999999999993,-3.58,-6.7255,-8.567599999999999,-10.1713,-11.4704,-17.3924,YSO,DSS
72.8146,-68.6945,,,,,-3.959999999999999,-5.949999999999999,-7.6899999999999995,-9.9924,-10.7997,-11.5476,-12.2289,-13.4264,CAGB,DSS
72.8707,-68.9639,,,,,-7.609999999999999,-8.6,,-10.9649,-11.3285,-11.7959,-12.8355,-15.2753,OAGB,DSS
72.9078,-67.0878,0.6359999999999992,1.7830000000000013,1.6219999999999999,1.0620000000000012,-0.16000000000000014,-1.4499999999999993,-3.4800000000000004,-8.066799999999999,-9.783199999999999,-11.2371,-12.6784,-15.605599999999999,PAGB,DSS
73.0048,-69.3355,,1.4720000000000013,1.2240000000000002,-0.0010000000000012221,-0.7800000000000011,-1.9199999999999982,-4.33,-7.497199999999999,-8.560599999999999,-9.626199999999999,-10.9939,-15.4818,YSO,DSS
73.0841,-68.7249,,,,,-0.629999999999999,-3.4299999999999997,-5.76,-8.4886,-9.5756,-10.437299999999999,-11.1917,-12.7145,CAGB,DSS
73.18,-70.7938,-1.6849999999999987,-1.9510000000000005,-2.808,-3.8550000000000004,-4.51,-5.059999999999999,-5.42,-6.739799999999999,-7.3508,-7.9620999999999995,-8.8782,-11.0786,OAGB,DSS
73.2421,-68.0599,,,,,-4.529999999999999,-4.93,-6.75,-8.6828,-9.3438,-10.2906,-11.4751,-16.9944,YSO,DSS
73.4433,-68.2704,,,,,-0.6999999999999993,-2.92,-5.469999999999999,-9.4239,-10.5666,-11.5031,-12.3278,-13.8981,CAGB,DSS
73.5005,-69.1986,,,,,-0.9899999999999984,-2.1900000000000013,-3.4399999999999995,-7.131399999999999,-9.014999999999999,-10.3367,-11.427499999999998,,YSO,DSS
73.5049,-69.1979,,,,,-1.2100000000000009,-2.4299999999999997,-3.59,-6.750299999999999,-7.557,-9.3215,,,YSO,DSS
73.5153,-67.2717,,-1.649000000000001,-2.719999999999999,-3.1709999999999994,-3.8499999999999996,-4.74,-5.949999999999999,-7.9055,-8.6129,-9.5154,-10.7805,-16.7797,YSO,DSS
73.5153,-67.2717,,-1.649000000000001,-2.719999999999999,-3.1709999999999994,-3.8499999999999996,-4.74,-5.949999999999999,-7.9055,-8.6129,-9.5154,-10.7805,-16.7797,YSO,DSS
73.5242,-66.752,0.12900000000000134,0.7160000000000011,-0.2959999999999994,-2.3230000000000004,-4.16,-5.34,-6.709999999999999,-9.1504,-9.5613,-10.826899999999998,-12.006499999999999,-15.8977,YSO,DSS
73.5268,-66.7671,-0.4469999999999992,1.1090000000000018,0.11299999999999955,-0.17999999999999972,-1.3200000000000003,-1.6999999999999993,-2.8499999999999996,,-5.565199999999999,-8.008,-9.6443,-16.2532,YSO,DSS
73.542,-69.9328,,,,,-2.7699999999999996,-5.619999999999999,-7.859999999999999,-10.2479,-10.9385,-11.517499999999998,-12.3202,-15.5328,OAGB,DSS
73.5596,-68.7372,,2.3520000000000003,0.5,-5.356999999999999,-8.03,,,-10.5037,-10.6626,-10.952,-11.6436,-13.6939,OAGB,DSS
73.5596,-68.7372,,2.3520000000000003,0.5,-5.356999999999999,-8.03,,,-10.5037,-10.6626,-10.952,-11.6436,-13.6939,OAGB,DSS
73.5596,-68.7372,,2.3520000000000003,0.5,-5.356999999999999,-8.03,,,-10.5037,-10.6626,-10.952,-11.6436,-13.6939,OAGB,DSS
73.5596,-68.7372,,2.3520000000000003,0.5,-5.356999999999999,-8.03,,,-10.5037,-10.6626,-10.952,-11.6436,-13.6939,OAGB,DSS
73.5596,-68.7372,,2.3520000000000003,0.5,-5.356999999999999,-8.03,,,-10.5037,-10.6626,-10.952,-11.6436,-13.6939,OAGB,DSS
73.5596,-68.7372,,2.3520000000000003,0.5,-5.356999999999999,-8.03,,,-10.5037,-10.6626,-10.952,-11.6436,-13.6939,OAGB,DSS
73.6411,-69.3433,-2.4929999999999986,-2.1260000000000012,-2.696999999999999,-3.501999999999999,-4.049999999999999,-4.869999999999999,-6.119999999999999,-8.5585,-9.572799999999999,-10.517,-11.8535,-14.5892,PAGB,DSS
73.7936,-68.3423,-1.8179999999999978,-3.879999999999999,-5.548,,,,,-11.079799999999999,-11.2905,-11.5903,-11.9401,-14.032499999999999,RSG,DSS
73.8286,-68.7751,,,,,-1.8999999999999986,-4.369999999999999,-6.51,-9.4531,-10.355,-11.1079,-11.773,-13.143799999999999,CAGB,DSS
73.8401,-69.7879,-0.8520000000000003,-3.3259999999999987,-4.923,-8.106,,,,-11.0526,-11.2785,-11.5964,-12.1414,-14.748999999999999,RSG,DSS
73.8516,-66.5217,,2.559000000000001,1.564,-0.03500000000000014,-0.129999999999999,-1.4299999999999997,-3.389999999999999,-5.9133,-7.002799999999999,-8.226099999999999,-10.0528,-14.9241,YSO,DSS
73.8614,-68.4245,,,,,-2.5999999999999996,-2.9299999999999997,-3.879999999999999,,-6.592599999999999,-9.0145,-10.4737,-16.3429,YSO,DSS
73.8898,-69.4164,1.341000000000001,-0.5279999999999987,-3.0139999999999993,-6.352,-8.61,,,-10.7448,-10.7075,-11.0153,-11.342199999999998,-13.6886,OAGB,DSS
73.9053,-66.573,1.4050000000000011,1.4860000000000007,0.8709999999999987,,-1.3200000000000003,-1.9400000000000013,-2.5599999999999987,,-4.587399999999999,-7.399699999999999,-9.2842,-14.4328,YSO,DSS
73.9123,-67.8196,1.5579999999999998,1.225999999999999,0.9909999999999997,0.34499999999999886,-1.0599999999999987,-3.719999999999999,-6.01,-9.9569,-10.9866,-11.8737,-12.6892,-14.416,CAGB,DSS
73.9167,-66.5734,0.45899999999999963,0.7600000000000016,0.43599999999999994,-0.3520000000000003,-1.009999999999998,-1.2300000000000004,-2.3099999999999987,,,-7.2783999999999995,-8.8211,-14.024899999999999,YSO,DSS
73.9233,-66.5761,,,,,0.9499999999999993,0.2699999999999996,-1.2800000000000011,-4.2217,-4.7181999999999995,-6.894399999999999,-8.4736,-13.433,YSO,DSS
73.9269,-66.5738,1.0429999999999993,1.1159999999999997,0.9200000000000017,0.3940000000000019,0.9699999999999989,-0.6799999999999997,-2.6799999999999997,-5.1533999999999995,-6.3414,-7.451699999999999,-8.5611,-12.7314,YSO,DSS
73.9435,-66.4191,,,,,-0.4299999999999997,-1.5199999999999996,-2.1799999999999997,-4.439399999999999,-4.716799999999999,-6.9994,-8.643699999999999,-13.1202,YSO,DSS
73.9609,-66.5762,,,,,-1.8399999999999999,-2.1099999999999994,-4.75,-7.787699999999999,-9.0215,-10.2051,-11.3256,-16.4486,YSO,DSS
74.0941,-66.6159,0.6930000000000014,1.0749999999999993,0.14700000000000202,-1.311,-2.6099999999999994,-3.6500000000000004,-4.68,-6.6495,-7.3621,-8.557599999999999,-10.0857,-15.9328,YSO,DSS
74.1339,-68.8808,,,,,-2.869999999999999,-5.23,-7.369999999999999,-10.1923,-11.255099999999999,-12.0408,-12.7519,-13.945799999999998,CAGB,DSS
74.17,-66.5417,,,,,,,-3.539999999999999,-8.016399999999999,-9.3021,-10.4338,-11.5929,-16.1592,YSO,DSS
74.2709,-66.71,,,,,-1.009999999999998,-1.9499999999999993,-2.709999999999999,,-6.370899999999999,-7.9595,-9.6661,-15.1714,YSO,DSS
74.4302,-70.1473,-1.6769999999999996,-3.176,-5.02,,,,,-11.785799999999998,-11.791899999999998,-12.0795,-12.605,-15.1679,RSG,DSS
74.4485,-66.4714,,,,,-0.8299999999999983,-2.3299999999999983,-3.129999999999999,-6.7128,-7.8728,-9.383099999999999,-10.7222,-15.989899999999999,YSO,DSS
74.4497,-66.3119,-0.4280000000000008,1.8030000000000008,-0.44599999999999795,-1.2809999999999988,-1.7100000000000009,-1.4800000000000004,-2.3599999999999994,,,-7.386899999999999,,-14.229299999999999,YSO,DSS
74.4498,-66.4792,-4.293999999999999,-3.1340000000000003,-3.7029999999999994,-4.8469999999999995,-5.529999999999999,-6.27,-7.6,-10.027899999999999,-10.9141,-11.6338,-12.7562,-16.3337,YSO,DSS
74.455,-66.4835,,1.193999999999999,0.684000000000001,0.13400000000000034,-1.009999999999998,-1.509999999999998,-2.66,,-5.8713,-8.4835,-10.1413,-15.392399999999999,YSO,DSS
74.677,-66.1432,,,,,0.33000000000000185,-1.8000000000000007,-3.24,-5.6074,-6.8561,-8.0847,-9.5712,-15.616299999999999,YSO,DSS
74.6927,-68.3448,-1.277000000000001,-1.1649999999999991,-1.8979999999999997,-2.546999999999999,-3.049999999999999,-3.4000000000000004,-3.469999999999999,-7.648299999999999,-9.5646,-11.044699999999999,-12.3235,-14.835999999999999,CAGB,DSS
74.7153,-66.1622,,,,,0.379999999999999,-0.23000000000000043,-1.3000000000000007,-3.9372999999999987,-4.7836,-6.086399999999999,-7.694799999999999,-12.9621,YSO,DSS
74.7263,-66.1219,,,,,-0.14999999999999858,-1.9899999999999984,-4.23,-7.908199999999999,-9.305299999999999,-10.394499999999999,-11.2518,-14.9461,YSO,DSS
75.0086,-66.503,-1.4160000000000004,-0.9669999999999987,-1.1499999999999986,-1.4329999999999998,-2.16,-3.0599999999999987,-3.5299999999999994,,-6.264799999999999,-7.6099,,-13.5928,YSO,DSS
75.0675,-66.2586,-0.8009999999999984,-0.5640000000000001,-0.9529999999999994,-1.5479999999999983,-2.120000000000001,-2.549999999999999,-3.0599999999999987,-5.430399999999999,-5.6685,-8.2716,-10.357899999999999,-16.444499999999998,YSO,DSS
75.0791,-67.1328,,,,,-5.039999999999999,-6.389999999999999,-7.779999999999999,-10.111799999999999,-10.6747,-11.1811,-12.1342,-14.7534,OAGB,DSS
75.1346,-72.1506,,,,,0.10999999999999943,-2.6899999999999995,-5.139999999999999,-9.210099999999999,-10.177999999999999,-10.9905,-11.6567,-13.2197,CAGB,DSS
75.2148,-66.3999,,,,,-3.0199999999999996,-4.1,-5.27,-7.352599999999999,-7.9199,-9.1044,,-15.6143,YSO,DSS
75.2538,-67.5899,2.391000000000002,2.615000000000002,2.253,1.769000000000002,-2.5999999999999996,-4.969999999999999,-7.09,-9.6298,-10.4556,-11.3078,-12.122399999999999,-13.524799999999999,CAGB,DSS
75.2684,-66.2112,,,,,-0.09999999999999787,-2.6500000000000004,-5.18,-9.7668,-10.8744,-11.7329,-12.5134,-13.907599999999999,CAGB,DSS
75.4312,-69.6802,-0.8309999999999995,-1.4969999999999999,-2.780999999999999,-3.9800000000000004,-4.889999999999999,-5.52,-5.84,-6.896699999999999,-7.495799999999999,-8.0869,-8.912899999999999,-10.642299999999999,OAGB,DSS
75.9508,-67.3076,,1.6849999999999987,1.0180000000000007,-1.7369999999999983,-2.869999999999999,-3.389999999999999,-3.67,,,-8.6909,,-16.3448,YSO,DSS
76.0589,-67.2706,-2.644,-4.571,-6.658999999999999,,,,,-12.224799999999998,-12.136099999999999,-12.4726,-12.8458,-15.0773,RSG,DSS
76.1034,-70.7288,,,,,-1.5,-2.09,-2.58,,-6.4413,-8.627799999999999,,-16.3312,YSO,DSS
76.1494,-70.9083,-1.509999999999998,-0.6900000000000013,-0.7800000000000011,-1.6039999999999992,-2.099999999999998,-3.34,-4.709999999999999,-7.8667,-8.939499999999999,-10.2668,-11.7463,-16.2744,YSO,DSS
76.1661,-70.9052,-3.084999999999999,-2.326999999999998,-2.5250000000000004,-3.0109999999999992,-3.3099999999999987,-3.709999999999999,-4.66,-6.975,-7.4556000000000004,-9.4412,-11.070799999999998,,YSO,DSS
76.2703,-68.9636,,,,,,,-1.0199999999999996,-6.5847,-8.693299999999999,-10.3859,-11.9202,-14.698599999999999,CAGB,DSS
76.3895,-70.563,-4.067,-4.145999999999999,-5.543999999999999,-7.395999999999999,,,,-11.2359,-11.233699999999999,-11.5241,-12.0195,-14.5666,RSG,DSS
76.5155,-69.0664,,,,,-3.6899999999999995,-4.779999999999999,-5.58,-7.1602,-8.168899999999999,-9.35,-10.9499,-14.9511,PAGB,DSS
76.5998,-69.0554,-3.2560000000000002,-2.689,-3.6229999999999993,-2.227999999999998,-2.99,-3.1999999999999993,-4.199999999999999,-5.905099999999999,-6.716199999999999,-7.8414,-9.681099999999999,-14.282699999999998,PAGB,DSS
76.6159,-68.201,-0.23300000000000054,-0.6890000000000001,-2.1080000000000005,-6.353,-7.98,-8.65,,-9.4939,-9.5496,-9.838199999999999,-10.064,-11.363,OAGB,DSS
76.6465,-70.2806,,,,,,-1.370000000000001,-4.029999999999999,-8.558399999999999,-9.7572,-10.8683,-11.9415,-14.4876,CAGB,DSS
76.8267,-69.1287,-4.469999999999999,-4.776,-4.953999999999999,-5.062999999999999,-5.639999999999999,-5.889999999999999,-6.34,-8.0115,-8.844999999999999,-9.668,-10.729299999999999,-13.3262,PAGB,DSS
77.1068,-68.9002,,,,,-4.879999999999999,-6.65,-8.08,-9.8766,-10.5182,-11.2589,-11.9585,-13.1495,CAGB,DSS
77.1447,-69.4236,-3.433,-2.866999999999999,-3.1790000000000003,-3.097999999999999,-2.83,-3.0299999999999994,-3.1899999999999995,-4.542199999999999,-4.4611,,,-15.077399999999999,YSO,DSS
77.1499,-71.2919,,1.6580000000000013,-0.14099999999999824,-2.027000000000001,-3.1500000000000004,-3.709999999999999,-4.309999999999999,-6.761699999999999,-7.301399999999999,-9.5735,-11.576,-14.6187,PAGB,DSS
77.4247,-71.4617,-3.699,-2.8970000000000002,-3.3499999999999996,,-3.08,-3.219999999999999,-3.59,,,-8.2313,,-15.4622,YSO,DSS
77.4605,-68.8848,,,,,0.379999999999999,-1.6600000000000001,-4.549999999999999,-8.3507,-9.9163,-11.3186,-13.2031,,YSO,DSS
77.4774,-68.8298,-0.4289999999999985,-0.07699999999999818,-0.28999999999999915,-0.5259999999999998,,-1.1499999999999986,-1.6600000000000001,,-5.6584,-8.1702,-9.8445,-14.8944,YSO,DSS
77.5,-69.936,,,,,-3.969999999999999,-5.85,-7.549999999999999,-10.5425,-11.239899999999999,-11.837399999999999,-12.4038,-13.4912,CAGB,DSS
77.582,-69.8309,,,,,-5.25,-6.779999999999999,,-9.4758,-10.312199999999999,-11.1131,-11.9132,-13.3324,CAGB,DSS
77.5987,-69.4389,-0.34499999999999886,0.804000000000002,-0.2530000000000001,-1.2059999999999995,-1.370000000000001,-2.4299999999999997,-3.4399999999999995,-6.728999999999999,-8.234499999999999,-9.381599999999999,-10.4175,-15.5483,YSO,DSS
77.6006,-70.2351,,,,,0.4400000000000013,-0.8999999999999986,-3.0299999999999994,-7.362,-9.215499999999999,-10.6695,-11.625599999999999,-16.4022,YSO,DSS
77.6254,-67.1426,1.968,2.495000000000001,1.5330000000000013,0.8910000000000018,0.05000000000000071,-1.2399999999999984,-2.539999999999999,-5.459,-6.099499999999999,-8.484,-10.372,-13.9054,YSO,DSS
77.7936,-67.8695,,,,,-1.2100000000000009,-2.889999999999999,-5.789999999999999,-10.4079,-11.4888,-12.4064,-13.2601,-15.0476,CAGB,DSS
77.7945,-66.215,2.007999999999999,-0.1039999999999992,-1.8909999999999982,-3.984,-5.23,-5.66,-5.879999999999999,-6.3904,-6.8416,-8.6005,-11.125399999999999,-14.956399999999999,PAGB,DSS
77.8078,-67.6045,,,,,-1.4699999999999989,-3.719999999999999,-5.84,-9.938699999999999,-10.9937,-11.921399999999998,-12.7605,-14.3486,CAGB,DSS
77.8314,-68.7076,,,,,-0.6699999999999982,-3.469999999999999,-6.109999999999999,-9.77,-10.8598,-11.6951,-12.514399999999998,-14.1715,CAGB,DSS
77.9111,-66.8527,1.9989999999999988,1.8369999999999997,1.4420000000000002,-0.7300000000000004,-2.639999999999999,-4.709999999999999,-6.699999999999999,-9.1332,-10.2347,-11.073,-11.8906,-13.1558,CAGB,DSS
77.9976,-69.4258,-4.026999999999999,-4.4559999999999995,-4.9239999999999995,,-6.039999999999999,-6.389999999999999,-6.73,-7.8994,-8.6123,-9.2662,-10.3415,-12.6292,OAGB,DSS
78.0035,-70.5399,,,,,,,-2.67,-8.3514,-10.1337,-11.562899999999999,-12.911200000000001,-15.3683,CAGB,DSS
78.0722,-70.4551,,,,,,-1.2899999999999991,-3.299999999999999,-6.9674,-8.145299999999999,-9.4752,-10.6506,-15.268799999999999,YSO,DSS
78.1237,-67.1551,,,,,-0.46000000000000085,-1.6099999999999994,-3.58,-7.007099999999999,-8.1189,-9.157399999999999,-10.2989,-13.4825,YSO,DSS
78.1337,-69.2611,,1.522000000000002,0.3910000000000018,-2.940999999999999,-3.6099999999999994,-5.639999999999999,-7.4399999999999995,-10.5292,-11.3636,-12.1403,-12.8416,-13.9566,CAGB,DSS
78.2131,-69.6306,,,,,-1.1699999999999982,-3.789999999999999,-6.199999999999999,-9.591,-10.6416,-11.5531,-12.434,-13.954999999999998,CAGB,DSS
78.2491,-69.577,,,,,-1.120000000000001,-1.5999999999999979,-2.1999999999999993,,-5.3177,-7.971399999999999,-9.6473,-14.053999999999998,YSO,DSS
78.3184,-68.7361,1.0890000000000022,0.7710000000000008,0.1509999999999998,-1.254999999999999,-4.4,-6.1899999999999995,-7.6899999999999995,-10.7259,-11.422699999999999,-11.9703,-12.5032,-13.542300000000001,CAGB,DSS
78.3906,-66.572,-5.536,-4.9079999999999995,-7.129999999999999,-6.558999999999999,-6.789999999999999,-7.039999999999999,-7.49,-8.7823,-9.315199999999999,-9.828,-10.598299999999998,-12.2839,OAGB,DSS
78.4647,-67.456,,,,,-2.5999999999999996,-3.0599999999999987,-4.1899999999999995,-7.507999999999999,-8.5359,-10.091899999999999,-11.7574,-18.319499999999998,YSO,DSS
78.4765,-69.5295,-7.090999999999999,-6.638999999999999,-6.478999999999999,-8.091,,,,-10.918199999999999,-11.0335,-11.3621,-12.0674,-13.8826,RSG,DSS
78.4994,-67.3809,,-0.21499999999999986,-0.4469999999999992,,-1.7699999999999996,-2.889999999999999,-4.85,-7.943,-8.8835,-9.8735,-11.049299999999999,-15.8276,YSO,DSS
78.5361,-67.3862,,1.7250000000000014,1.4890000000000008,0.35300000000000153,-0.6900000000000013,-1.629999999999999,-2.8499999999999996,,-6.349,-8.3645,-9.941699999999999,-14.7662,YSO,DSS
78.6243,-68.9094,2.3599999999999994,-0.6849999999999987,-2.285,-4.504999999999999,-6.049999999999999,-7.01,-7.469999999999999,-8.2236,-8.087,-8.2533,-8.4762,,CAGB,DSS
78.7073,-67.4554,-1.847999999999999,-4.052,-6.224,-8.844999999999999,,,,-11.5273,-11.6029,-11.9179,-12.421199999999999,-14.6831,RSG,DSS
78.7635,-70.5642,0.6589999999999989,0.7650000000000006,-0.17299999999999827,-1.2109999999999985,-2.3900000000000006,-3.5199999999999996,-4.67,-6.929599999999999,-7.567399999999999,-8.7053,-10.1162,-15.029499999999999,YSO,DSS
79.2251,-67.3348,-4.3469999999999995,-3.1839999999999993,-3.615,-3.9459999999999997,-4.549999999999999,-5.35,-6.299999999999999,-8.0875,-8.8242,-9.6992,-10.7882,-14.343599999999999,YSO,DSS
79.2803,-65.9925,-1.1479999999999997,-0.1739999999999995,-1.9220000000000006,-1.939,-2.09,-2.7699999999999996,-3.17,,-5.7087,-8.315299999999999,,-15.2822,YSO,DSS
79.2995,-70.7827,,,,,0.9000000000000021,-0.09999999999999787,-1.259999999999998,-2.9962,-4.122299999999999,-5.204699999999999,-6.4636,-11.1281,YSO,DSS
79.3624,-68.9163,,,,,,-2.58,-5.41,-8.773399999999999,-9.982899999999999,-10.9749,-11.792300000000001,-13.5865,CAGB,DSS
79.3686,-66.7185,-4.103,-2.8089999999999993,-3.110999999999999,-3.8739999999999988,-4.09,-4.4,-4.48,-7.0448,-7.7233,-9.3963,-11.168299999999999,-17.0477,YSO,DSS
79.3778,-66.727,-4.033999999999999,-2.306000000000001,-2.8569999999999993,-4.304,-3.9000000000000004,-4.66,-5.1899999999999995,-7.0611999999999995,-7.5596,-9.571299999999999,-11.2451,,YSO,DSS
79.3871,-68.3448,-0.3819999999999979,-0.1769999999999996,-0.9370000000000012,-2.6769999999999996,-4.49,-5.9,-7.35,-9.4278,-10.1776,-10.890799999999999,-11.8088,-15.4179,YSO,DSS
79.4208,-66.7053,0.6810000000000009,-0.6969999999999992,-1.5569999999999986,-2.780999999999999,-1.7399999999999984,-2.009999999999998,-2.789999999999999,,-5.839,-8.5635,,-16.1865,YSO,DSS
79.5488,-70.5075,,2.455000000000002,2.3560000000000016,1.591000000000001,,,,-3.3621999999999996,-6.293799999999999,-8.6439,-10.843399999999999,-15.7342,CAGB,DSS
79.6069,-70.0925,1.8689999999999998,-0.05699999999999861,-1.8369999999999997,-3.4960000000000004,-4.57,-5.359999999999999,-5.539999999999999,-5.8294999999999995,-6.471399999999999,-8.0766,-10.4259,-15.399,YSO,DSS
79.6175,-68.0678,,,,,-1.8499999999999979,-2.75,-3.9000000000000004,-7.1678,-7.7127,-10.1368,-12.0169,-15.1868,PAGB,DSS
79.7016,-69.5596,,,,,-1.25,-1.75,-1.8599999999999994,-3.469199999999999,-6.1783,-8.816799999999999,-11.339099999999998,-15.1783,CAGB,DSS
79.7344,-67.7513,,,,,,-1.259999999999998,-4.48,-9.842699999999999,-11.2036,-12.3194,-13.3093,-15.3545,CAGB,DSS
79.7876,-69.1989,,1.0060000000000002,-0.08999999999999986,-1.4969999999999999,-1.7300000000000004,-1.9600000000000009,,-6.796799999999999,-8.0601,-9.4477,-10.8914,-15.4596,YSO,DSS
79.8012,-69.152,,,,,-1.9899999999999984,-3.25,-5.109999999999999,-8.7883,-10.764399999999998,-12.3957,-13.515899999999998,,YSO,DSS
79.8203,-69.6326,,1.0380000000000003,-0.23900000000000077,-1.4050000000000011,-1.7800000000000011,-2.7300000000000004,-3.7699999999999996,-6.610299999999999,-6.7697,-9.241,-10.9751,-16.188499999999998,YSO,DSS
79.8893,-69.6852,,3.4510000000000005,2.434000000000001,,-0.05999999999999872,-1.1499999999999986,-2.0799999999999983,,-5.6013,-8.2523,-9.939499999999999,-15.5133,YSO,DSS
79.9723,-69.4595,-2.3369999999999997,-4.116,-6.033999999999999,-8.115,,,,-10.684899999999999,-10.554099999999998,-10.7849,-11.0611,-13.0198,RSG,DSS
80.0066,-67.5784,0.9260000000000019,1.2370000000000019,-0.19500000000000028,-5.593,-8.02,-8.75,,-9.9062,-10.232199999999999,-10.441799999999999,-10.7743,-12.203399999999998,OAGB,DSS
80.0066,-67.5784,0.9260000000000019,1.2370000000000019,-0.19500000000000028,-5.593,-8.02,-8.75,,-9.9062,-10.232199999999999,-10.441799999999999,-10.7743,-12.203399999999998,OAGB,DSS
80.0066,-67.5784,0.9260000000000019,1.2370000000000019,-0.19500000000000028,-5.593,-8.02,-8.75,,-9.9062,-10.232199999999999,-10.441799999999999,-10.7743,-12.203399999999998,OAGB,DSS
80.0066,-67.5784,0.9260000000000019,1.2370000000000019,-0.19500000000000028,-5.593,-8.02,-8.75,,-9.9062,-10.232199999999999,-10.441799999999999,-10.7743,-12.203399999999998,OAGB,DSS
80.0066,-67.5784,0.9260000000000019,1.2370000000000019,-0.19500000000000028,-5.593,-8.02,-8.75,,-9.9062,-10.232199999999999,-10.441799999999999,-10.7743,-12.203399999999998,OAGB,DSS
80.0066,-67.5784,0.9260000000000019,1.2370000000000019,-0.19500000000000028,-5.593,-8.02,-8.75,,-9.9062,-10.232199999999999,-10.441799999999999,-10.7743,-12.203399999999998,OAGB,DSS
80.04,-69.8942,-3.139999999999999,-2.0749999999999993,-3.4139999999999997,-2.4250000000000007,-3.09,-3.389999999999999,-4.33,-5.9376999999999995,-6.716199999999999,-7.8873999999999995,-9.6261,-14.1686,PAGB,DSS
80.0484,-68.6315,-0.0019999999999988916,0.125,-0.5519999999999996,-1.3810000000000002,-2.009999999999998,-2.5,-2.83,,,,,-14.598199999999999,YSO,DSS
80.0808,-66.5966,,,,,-2.6899999999999995,-4.789999999999999,-6.719999999999999,-9.8261,-10.724599999999999,-11.2132,-11.7875,-12.8245,CAGB,DSS
80.1831,-69.3949,-0.902000000000001,-2.004999999999999,-3.4450000000000003,-4.632999999999999,-5.23,-5.5,-5.639999999999999,-5.9002,-6.1502,-7.2105999999999995,-9.5684,-14.0595,PAGB,DSS
80.194,-67.8819,0.6649999999999991,0.7409999999999997,0.19200000000000017,-0.14399999999999835,-0.8000000000000007,-1.0500000000000007,-1.5799999999999983,,,,,-14.7662,YSO,DSS
80.2518,-69.3486,,,,,-0.16000000000000014,-2.869999999999999,-5.34,-9.134,-10.259599999999999,-11.1568,-11.9347,-13.605799999999999,CAGB,DSS
80.3417,-67.7913,,1.8709999999999987,2.215,-0.09600000000000009,-1.5,-2.3299999999999983,-3.24,,,-8.6183,,-16.8383,YSO,DSS
80.3538,-66.0702,1.8300000000000018,2.243000000000002,1.6509999999999998,-0.05600000000000094,-1.5300000000000011,-2.58,-3.1099999999999994,,-6.2951999999999995,-8.5792,-10.2816,-15.858699999999999,YSO,DSS
80.4463,-67.9491,-4.968999999999999,-3.6769999999999996,-4.1579999999999995,-3.923,-3.6099999999999994,-3.6999999999999993,-4.129999999999999,,-6.385399999999999,-8.6333,-10.2654,-15.988299999999999,YSO,DSS
80.4798,-67.7919,,,,,-0.09999999999999787,-1.0700000000000003,-2.469999999999999,-5.0929,-6.390799999999999,-7.6759,-9.004999999999999,-13.407,YSO,DSS
80.5365,-67.8902,,,,,-1.1499999999999986,-1.4499999999999993,-2.3599999999999994,-4.920499999999999,-5.4565,-7.4597,-8.904399999999999,-12.9476,YSO,DSS
80.542,-67.5832,-3.346,-2.8569999999999993,-2.6899999999999995,-2.6079999999999988,-1.9899999999999984,-2.7799999999999994,-3.66,,,-8.4688,,-15.6764,YSO,DSS
80.5524,-67.9757,,,,,-1.3900000000000006,-2.83,-5.039999999999999,-8.9315,-10.513399999999999,-11.901299999999999,-13.2362,,YSO,DSS
80.5703,-68.0677,,,,,,-0.7699999999999996,-2.549999999999999,-5.5006,-6.8673,-8.4103,-9.677999999999999,-14.523,YSO,DSS
80.5882,-65.931,0.6500000000000021,-1.375,-3.020999999999999,-4.721,-5.91,-6.6,-6.82,-7.0525,-6.9961,-7.457099999999999,-8.386899999999999,-10.463199999999999,OAGB,DSS
80.5936,-71.5922,1.2040000000000006,1.5330000000000013,1.3900000000000006,0.2270000000000003,-0.5300000000000011,-1.9699999999999989,-3.9399999999999995,-6.857099999999999,-8.2427,-9.475,-10.7358,-15.693,YSO,DSS
80.6749,-67.9168,,,,,0.6099999999999994,-0.8599999999999994,-1.9800000000000004,-4.181899999999999,-5.2179,-6.400399999999999,,-13.117999999999999,YSO,DSS
80.6835,-69.6411,-2.7249999999999996,-2.024000000000001,-3.4779999999999998,-4.388,-5.959999999999999,-7.01,-8.01,-9.7678,-10.396799999999999,-10.9816,-11.5704,-13.457699999999999,CAGB,DSS
80.688,-71.6028,-1.1759999999999984,-0.6219999999999999,-1.041999999999998,,-2.66,-3.719999999999999,-5.24,-7.9612,-8.8728,-9.9211,-11.0856,-15.0257,YSO,DSS
80.7079,-66.6822,,-1.8969999999999985,-2.2390000000000008,,-3.1500000000000004,-3.709999999999999,-3.75,-6.770899999999999,-7.2659,-9.653599999999999,,-16.6711,YSO,DSS
80.7215,-69.8532,-2.2379999999999995,-1.605999999999998,-1.5899999999999999,-2.7590000000000003,-2.76,-3.16,-3.2799999999999994,,,,,-15.4174,YSO,DSS
80.7858,-68.0018,,,,,0.5100000000000016,-0.6900000000000013,-1.25,-4.824199999999999,-4.7296,-7.700699999999999,-9.511199999999999,-15.448,YSO,DSS
80.7881,-69.2964,,2.4140000000000015,1.1290000000000013,-2.2029999999999994,-4.809999999999999,-6.42,-7.799999999999999,-9.263399999999999,-9.9648,-10.3463,-10.9285,-12.0133,CAGB,DSS
80.8807,-68.0189,-0.9559999999999995,-0.7199999999999989,-1.1449999999999996,-1.5470000000000006,-2.3000000000000007,-2.7300000000000004,-2.799999999999999,,,-7.8163,,-14.011,YSO,DSS
80.8893,-69.62,,,,,-0.4400000000000013,-1.7399999999999984,-1.9299999999999997,-6.119299999999999,-8.1448,-9.8223,-11.194199999999999,-16.360599999999998,YSO,DSS
80.8981,-67.8765,-2.0809999999999995,-1.5940000000000012,-1.8019999999999996,-2.129999999999999,-2.0599999999999987,-3.51,-4.699999999999999,-6.9574,-7.865399999999999,-9.3598,-10.7463,-16.377,YSO,DSS
80.908,-69.6484,,,,,-1.8000000000000007,-3.42,-5.219999999999999,-7.979199999999999,-8.838199999999999,-9.952399999999999,-11.0823,-14.9574,YSO,DSS
80.9098,-66.8902,1.9849999999999994,0.9239999999999995,0.006000000000000227,-1.5279999999999987,-2.9800000000000004,-5.17,-7.129999999999999,-9.7107,-10.587399999999999,-11.3318,-11.9271,-13.2075,CAGB,DSS
80.9316,-65.7,-1.7830000000000013,-2.904,-5.186999999999999,,,,,-11.1853,-11.1848,-11.459299999999999,-12.005099999999999,-14.6395,RSG,DSS
80.9585,-67.9554,,,,,0.28000000000000114,-0.5,-2.0,,-6.912799999999999,-8.7152,-10.492099999999999,-17.1849,YSO,DSS
81.0827,-69.647,0.9989999999999988,-1.8320000000000007,-4.661999999999999,,,,,-12.148,-12.1741,-12.479800000000001,-13.0452,-14.753699999999998,RSG,DSS
81.0866,-70.0837,-2.5809999999999995,-2.283999999999999,-3.1519999999999992,-1.9639999999999986,-2.7300000000000004,-2.92,-4.0,-6.395899999999999,-7.451699999999999,-8.8239,-10.422699999999999,-14.5209,PAGB,DSS
81.0979,-69.6513,0.4349999999999987,0.5429999999999993,0.3569999999999993,0.3940000000000019,,-0.6799999999999997,-1.9499999999999993,,,,,-16.1267,YSO,DSS
81.1821,-71.7907,,2.3180000000000014,1.8889999999999993,1.2330000000000005,-0.8000000000000007,-3.459999999999999,-5.629999999999999,-8.793099999999999,-9.902,-10.8484,-11.775099999999998,-13.940999999999999,CAGB,DSS
81.2738,-70.1697,,,,,-1.0500000000000007,-3.5700000000000003,-5.76,-9.5339,-10.5086,-11.2436,-11.913599999999999,-13.3914,CAGB,DSS
81.3313,-71.0673,,,,,-2.0199999999999996,-4.48,-6.609999999999999,-10.004199999999999,-10.7807,-11.4879,-12.1523,-13.113199999999999,CAGB,DSS
81.3367,-70.8355,-0.9579999999999984,-1.9499999999999993,-3.1849999999999987,-2.2680000000000007,-4.82,-5.0,-5.09,-5.4072,-5.5687999999999995,-7.2835,-9.9161,-14.401,PAGB,DSS
81.3379,-67.4938,,2.3949999999999996,1.7860000000000014,-0.053000000000000824,-1.2899999999999991,-2.3999999999999986,-3.2300000000000004,,,-8.2016,,-14.9658,YSO,DSS
81.4193,-70.1409,,,,,-0.75,-1.2699999999999996,-1.4400000000000013,-2.581999999999999,-5.3713,-8.0845,-10.6627,-14.7143,CAGB,DSS
81.4368,-69.0803,-2.616999999999999,-3.356,-5.004,,,,,-10.922,-10.8737,-11.1672,-11.623999999999999,-13.7513,RSG,DSS
81.4552,-66.2523,,-2.654,-3.202,-3.91,-3.2300000000000004,-3.8599999999999994,-5.07,-8.218,-9.062,-10.4634,-12.2269,,YSO,DSS
81.4552,-66.2523,,-2.654,-3.202,-3.91,-3.2300000000000004,-3.8599999999999994,-5.07,-8.218,-9.062,-10.4634,-12.2269,,YSO,DSS
81.4664,-68.7762,,4.550000000000001,3.777000000000001,,-2.34,-4.67,-6.809999999999999,-9.431099999999999,-10.5125,-11.4906,-12.3427,-13.8353,CAGB,DSS
81.5046,-66.272,-4.075999999999999,-4.321999999999999,-5.814,,,,,-11.0741,-10.956199999999999,-11.2061,-11.3393,-11.991299999999999,RSG,DSS
81.505,-67.5033,,,,,-0.6499999999999986,-1.129999999999999,-2.419999999999998,,-7.828299999999999,-9.1466,-10.403599999999999,-15.3715,YSO,DSS
81.5219,-68.6026,-0.5289999999999999,-0.06400000000000006,-0.8230000000000004,-2.123000000000001,-3.5299999999999994,-4.6,-5.84,-7.731299999999999,-8.4965,-9.3177,-10.5323,-14.0456,YSO,DSS
81.5473,-66.2031,,-2.3790000000000013,-4.581999999999999,,-9.4,,,-11.4089,-11.5443,-11.9192,-12.4892,-14.310199999999998,RSG,DSS
81.5834,-69.6936,,2.096,-1.8679999999999986,-3.8689999999999998,-6.52,-7.469999999999999,,-8.2846,-8.2949,-8.380799999999999,-8.683,-8.9256,CAGB,DSS
81.5965,-69.189,,,,,-0.9100000000000001,-3.719999999999999,-6.059999999999999,-9.1429,-10.2424,-11.1981,-12.0452,-13.7914,CAGB,DSS
81.6453,-68.8611,-5.616999999999999,-5.145999999999999,-6.224,,,,,-11.6619,-11.633,-11.9477,-12.4066,-14.442499999999999,RSG,DSS
81.649,-69.1397,,3.4540000000000006,2.8320000000000007,1.5680000000000014,-4.33,-6.119999999999999,-7.619999999999999,-9.5453,-10.2633,-10.9706,-11.5664,-12.3767,CAGB,DSS
81.6706,-69.3865,,1.4329999999999998,-3.0919999999999987,-4.257999999999999,-5.369999999999999,-6.42,-7.219999999999999,-8.1091,-8.259,-8.4269,-8.6851,,CAGB,DSS
81.6942,-68.8131,-4.421999999999999,-2.676,-2.84,-2.8279999999999994,-2.3000000000000007,-3.25,-5.41,-9.761,-11.388,-12.9079,-14.0805,,YSO,DSS
81.712,-69.5269,,,,,-2.549999999999999,-4.699999999999999,-6.6,-9.870199999999999,-10.6604,-11.4175,-12.111799999999999,-13.2547,CAGB,DSS
81.7698,-69.6379,,,,,-5.699999999999999,-7.029999999999999,-8.0,-9.2435,-9.4469,-9.6274,-9.9367,-10.1642,CAGB,DSS
81.7928,-69.6075,-2.779,0.6739999999999995,-3.2669999999999995,-4.949,-7.82,-8.549999999999999,,-9.77,-9.8825,-10.1953,-10.4523,-11.3653,OAGB,DSS
81.8506,-69.6625,2.0100000000000016,1.998000000000001,1.8309999999999995,0.9439999999999991,,-2.75,-5.82,-10.0739,-11.3429,-12.4781,-13.4554,-15.3915,CAGB,DSS
81.8933,-66.8917,-2.117000000000001,-4.0649999999999995,-5.5489999999999995,-7.634,,,,-11.156099999999999,-11.091,-11.367,-11.8747,-14.1969,RSG,DSS
81.9308,-67.4401,,,,,-1.6400000000000006,-1.75,-3.639999999999999,-6.866999999999999,-7.674199999999999,-9.085799999999999,-10.7089,-15.9896,YSO,DSS
82.028,-69.541,1.144000000000002,1.001999999999999,-2.224999999999998,-3.843,-5.869999999999999,-6.75,-7.119999999999999,-7.5663,-7.4762,-7.738899999999999,-7.982899999999999,,OAGB,DSS
82.0478,-70.5663,,,,,-3.92,-5.75,-7.27,-9.6426,-10.226799999999999,-10.7499,-11.267,-12.1709,CAGB,DSS
82.092,-69.1426,,,,,-7.48,-8.0,,-11.151599999999998,-11.976099999999999,-12.6723,-13.5168,-16.526799999999998,OAGB,DSS
82.1113,-69.2454,,0.02500000000000213,-2.0700000000000003,-4.651,-6.23,-7.059999999999999,-7.41,-7.7273,-7.7006,-7.924099999999999,-8.014999999999999,,OAGB,DSS
82.1204,-68.1189,-1.8870000000000005,-4.016,-6.164,,,,,-11.6604,-11.662199999999999,-11.9175,-12.2957,-14.4971,RSG,DSS
82.1335,-69.4861,-0.5869999999999997,-2.312999999999999,-4.062999999999999,-5.843,-7.129999999999999,,,-8.3485,-8.178099999999999,-8.3156,-8.3164,,OAGB,DSS
82.1533,-69.3345,2.9559999999999995,-2.3019999999999996,-0.3150000000000013,-7.1739999999999995,-8.19,,,-9.8887,-10.277,-10.4551,-10.7147,-12.064,OAGB,DSS
82.1675,-66.2317,,,,,-2.3099999999999987,-4.309999999999999,-6.219999999999999,-9.866,-10.491999999999999,-11.0443,-11.520399999999999,-12.1281,CAGB,DSS
82.1856,-66.2347,-2.1679999999999993,-1.995000000000001,-2.9160000000000004,-6.394,-6.9399999999999995,-8.11,,-9.537099999999999,-9.369299999999999,-9.352599999999999,-10.0207,-10.341999999999999,CAGB,DSS
82.1856,-66.2347,-2.1679999999999993,-1.995000000000001,-2.9160000000000004,-6.394,-6.9399999999999995,-8.11,,-9.537099999999999,-9.369299999999999,-9.352599999999999,-10.0207,-10.341999999999999,CAGB,DSS
82.1942,-71.3202,,,,,-1.509999999999998,-3.99,-6.24,-9.579699999999999,-10.607099999999999,-11.448799999999999,-12.233799999999999,-13.849499999999999,CAGB,DSS
82.1965,-66.2373,,,,,-2.4899999999999984,-3.92,-6.129999999999999,-8.6435,-9.697099999999999,-10.5436,-11.2651,-13.006799999999998,CAGB,DSS
82.2008,-71.0414,,,,,-7.51,,,-10.4089,-10.735299999999999,-11.1807,-12.291799999999999,-14.963,OAGB,DSS
82.2025,-69.8004,,,,,-1.2300000000000004,-3.8599999999999994,-6.1,-8.3597,-9.4294,-10.3788,-11.2421,-13.020399999999999,CAGB,DSS
82.2499,-67.7504,,,,,-7.42,-8.23,,-8.648,-8.607899999999999,-8.8279,-8.9956,-9.3258,OAGB,DSS
82.2602,-66.2577,,3.5809999999999995,2.8880000000000017,-1.1660000000000004,-3.8200000000000003,-4.77,-5.4,-6.617799999999999,-7.3104,-8.9992,-11.181899999999999,-15.1928,PAGB,DSS
82.2632,-69.8019,3.873000000000001,-2.9960000000000004,-0.2569999999999979,-6.041,-8.34,,,-10.1688,-10.3676,-10.569199999999999,-10.8492,-12.328299999999999,OAGB,DSS
82.2647,-69.1129,-0.7579999999999991,-2.676,-4.757999999999999,,,,,-11.0034,-11.067599999999999,-11.3332,-11.8686,-14.576699999999999,RSG,DSS
82.2818,-66.9709,,1.3030000000000008,-0.379999999999999,-4.0169999999999995,-5.9399999999999995,-7.4,,-9.8314,-10.1105,-10.3393,-10.5866,-11.3841,CAGB,DSS
82.5162,-66.8234,,,,,-0.870000000000001,-3.459999999999999,-5.859999999999999,-9.5491,-10.6381,-11.5487,-12.3611,-14.0512,CAGB,DSS
82.5235,-70.5097,0.9759999999999991,0.4490000000000016,-0.49099999999999966,-1.652000000000001,-2.379999999999999,-2.9299999999999997,-3.0,,,,,,CAGB,DSS
82.5431,-69.1594,2.914999999999999,1.9789999999999992,0.05799999999999983,-2.0650000000000013,-3.99,-4.9,-5.629999999999999,-7.8468,-8.895299999999999,-9.8711,-11.297899999999998,-14.2131,OAGB,DSS
82.5431,-69.1594,2.914999999999999,1.9789999999999992,0.05799999999999983,-2.0650000000000013,-3.99,-4.9,-5.629999999999999,-7.8468,-8.895299999999999,-9.8711,-11.297899999999998,-14.2131,OAGB,DSS
82.586,-66.8839,,-4.939,-7.564,,,,,-10.6951,-10.5292,-10.8659,-11.3324,,RSG,DSS
82.7261,-68.5746,,,,,-0.34999999999999787,-2.039999999999999,-4.6899999999999995,-8.6463,-10.2537,-11.404399999999999,-12.735299999999999,-17.493299999999998,YSO,DSS
82.7316,-67.335,-1.0700000000000003,-0.4759999999999991,-1.2620000000000005,-2.4080000000000013,-2.9800000000000004,-4.119999999999999,-5.02,-7.7608,-8.5269,-9.748999999999999,-11.1412,-15.4805,YSO,DSS
82.7674,-69.3175,-0.6739999999999995,-2.769,-4.125,,,,,-11.6035,-11.6399,-12.0293,-12.6521,-14.383299999999998,RSG,DSS
82.8048,-66.1614,,,,,-3.049999999999999,-5.17,-7.0,-9.4968,-10.1679,-10.7671,-11.4404,-12.5976,CAGB,DSS
82.9033,-66.5022,-2.370000000000001,-3.9320000000000004,-5.92,,,,,-11.567799999999998,-11.5833,-11.8546,-12.262899999999998,-14.431799999999999,RSG,DSS
82.9205,-69.6555,,,,,-2.3599999999999994,-4.92,-7.109999999999999,-9.9635,-10.8789,-11.747499999999999,-12.534099999999999,-14.0315,CAGB,DSS
83.014,-69.2918,,,,,-3.1500000000000004,-5.42,-7.209999999999999,-9.543899999999999,-10.338199999999999,-11.038699999999999,-11.610399999999998,-12.852,CAGB,DSS
83.0326,-71.2267,,1.181000000000001,-0.134999999999998,-0.6340000000000003,-0.7300000000000004,-2.0700000000000003,-2.3200000000000003,,-5.917399999999999,-8.4543,-10.1709,-14.869499999999999,YSO,DSS
83.0729,-67.6987,,,,,-0.7899999999999991,-1.8999999999999986,-2.8599999999999994,,-6.833399999999999,-8.6456,-10.208599999999999,-15.8196,YSO,DSS
83.1041,-68.6511,-1.2360000000000007,-0.7519999999999989,-1.061,-1.0850000000000009,-1.8399999999999999,-2.1400000000000006,-2.8200000000000003,,,,,-14.4615,YSO,DSS
83.1485,-67.9192,,-2.6050000000000004,-4.552,-7.927999999999999,-9.889999999999999,,,-11.7359,-12.092099999999999,-12.4315,-12.979800000000001,-15.419799999999999,RSG,DSS
83.1549,-67.1157,,,,,-3.889999999999999,-5.789999999999999,-7.57,-10.4237,-11.1585,-11.7957,-12.7326,-15.4714,OAGB,DSS
83.161,-68.4229,,,,,-1.3399999999999999,-3.869999999999999,-6.279999999999999,-9.724499999999999,-10.817,-11.7046,-12.6046,-16.3754,YSO,DSS
83.1846,-69.5015,-2.6999999999999993,-2.3369999999999997,-2.321999999999999,-2.3309999999999995,,-1.0799999999999983,-2.349999999999998,,,,,-14.5726,YSO,DSS
83.2151,-67.1143,,,,,-2.619999999999999,-5.65,-7.879999999999999,-11.195699999999999,-11.9597,-12.686599999999999,-13.5944,-16.5935,OAGB,DSS
83.218,-67.6858,,,,,-2.6799999999999997,-3.4000000000000004,-4.98,-7.659799999999999,-8.432599999999999,-9.7752,-11.3077,-16.2747,YSO,DSS
83.2313,-69.3407,,,,,-3.3099999999999987,-5.43,-7.1899999999999995,-9.1668,-9.962,-10.5881,-11.224499999999999,-12.5074,CAGB,DSS
83.2344,-68.2135,2.375,2.2860000000000014,2.460000000000001,,-5.08,-6.92,,-10.7455,-11.3767,-11.8336,-12.2335,-12.3256,CAGB,DSS
83.402,-69.3869,-2.876999999999999,-3.6259999999999994,-4.9239999999999995,-6.221,-6.9,-7.16,-7.59,-8.9902,-9.6756,-10.4606,-11.7269,-14.008099999999999,OAGB,DSS
83.5426,-67.4248,,,,,-1.8399999999999999,-3.1799999999999997,-4.609999999999999,-7.208,-8.1973,-9.2906,-10.587,-15.4771,YSO,DSS
83.5594,-69.7889,2.7620000000000005,1.7729999999999997,1.4600000000000009,0.9559999999999995,1.0899999999999999,0.16000000000000014,-1.8200000000000003,-8.257399999999999,-10.8137,-12.9886,-14.947099999999999,,RSG,DSS
83.5668,-70.3813,,,,,,-2.619999999999999,-5.4399999999999995,-9.4421,-10.7286,-11.7859,-12.7587,-14.479099999999999,CAGB,DSS
83.6312,-68.5872,-2.477999999999998,-1.913999999999998,-2.0180000000000007,-2.186,-3.09,-4.1,-5.279999999999999,-7.285499999999999,-7.9366,-9.0235,-10.3245,-15.3429,YSO,DSS
83.7239,-70.4902,,,,,,-2.1900000000000013,-4.799999999999999,-9.3977,-10.491,-11.2987,-12.024799999999999,-13.5923,CAGB,DSS
83.7251,-69.134,-1.5839999999999996,-3.369999999999999,-5.007,-8.126,-8.0,,,-9.162899999999999,-9.058399999999999,-9.2511,-9.4117,-11.07,OAGB,DSS
83.7345,-69.1546,,2.7379999999999995,1.370000000000001,0.0519999999999996,-1.1999999999999993,-3.9299999999999997,-6.24,-9.5842,-10.5194,-11.291,-12.012799999999999,-13.6747,CAGB,DSS
83.7647,-69.8793,,,,,-2.009999999999998,-4.459999999999999,-6.469999999999999,-9.361799999999999,-10.2338,-10.9164,-11.6265,-12.8686,CAGB,DSS
83.809,-67.7321,-2.2880000000000003,-3.923,-3.193999999999999,-9.129,,,,-11.124199999999998,-11.357399999999998,-11.649799999999999,-12.1831,-14.6598,RSG,DSS
83.8325,-69.8128,,2.242000000000001,-1.024000000000001,-4.424999999999999,-6.309999999999999,-7.5,,-8.9992,-9.0314,-9.2768,-9.740599999999999,,CAGB,DSS
83.8525,-69.0676,0.05700000000000216,-2.568999999999999,-4.355,,,,,-10.7274,-10.7412,-11.0392,-11.454999999999998,-13.6451,RSG,DSS
83.8576,-71.3325,,,,,-2.289999999999999,-3.42,-4.34,-7.0838,-8.0739,-10.0266,-11.8379,-15.2051,PAGB,DSS
83.862,-69.8744,,,,,-3.629999999999999,-5.619999999999999,-7.4,-9.5848,-10.4092,-11.2195,-11.8965,-12.9813,CAGB,DSS
83.8681,-66.934,-2.4319999999999986,-4.464,-6.413,,,,,-11.537199999999999,-11.520399999999999,-11.773499999999999,-12.275099999999998,-14.5002,RSG,DSS
83.9036,-69.204,,,,,,-0.8200000000000003,-3.26,-7.2089,-8.5902,-9.8973,-11.235299999999999,-15.381,YSO,DSS
83.9036,-69.204,,,,,,-0.8200000000000003,-3.26,-7.2089,-8.5902,-9.8973,-11.235299999999999,-15.381,YSO,DSS
83.9804,-69.1665,,-3.571999999999999,-5.651999999999999,,,,,-11.688199999999998,-11.753799999999998,-12.1915,-12.889199999999999,-14.821299999999999,RSG,DSS
84.0054,-66.7776,,,,,,-2.099999999999998,-4.76,-8.820599999999999,-10.075099999999999,-11.0394,-11.873899999999999,-13.6854,CAGB,DSS
84.0248,-69.9674,-3.3870000000000005,-3.6980000000000004,-4.225,-4.805,-5.24,-5.66,-6.23,-7.612299999999999,-8.247399999999999,-8.8243,-9.7563,-11.941199999999998,OAGB,DSS
84.0661,-69.5309,-0.9989999999999988,-0.29299999999999926,-0.9009999999999998,-1.9420000000000002,-2.869999999999999,-3.9299999999999997,-5.199999999999999,-7.5428,-8.171,-9.3285,-10.745999999999999,-14.9674,YSO,DSS
84.1285,-69.3048,-0.10899999999999821,0.5459999999999994,-0.16199999999999903,-1.186,-1.4699999999999989,-2.75,-4.389999999999999,-7.2445,-8.5817,-9.975999999999999,-11.8762,-16.6598,YSO,DSS
84.1285,-69.3048,-0.10899999999999821,0.5459999999999994,-0.16199999999999903,-1.186,-1.4699999999999989,-2.75,-4.389999999999999,-7.2445,-8.5817,-9.975999999999999,-11.8762,-16.6598,YSO,DSS
84.1531,-69.7895,,,,,-4.24,-6.219999999999999,,-9.4991,-10.2677,-10.966899999999999,-11.5939,-12.7198,CAGB,DSS
84.1768,-70.1295,-0.021000000000000796,-1.7560000000000002,-3.3409999999999993,-5.116999999999999,-6.27,-7.09,-7.35,-7.755799999999999,-8.2127,-8.9492,-10.535599999999999,-13.5744,YSO,DSS
84.3671,-69.1467,,,,,-1.5899999999999999,-2.92,-4.1,-7.5222,-9.2189,-10.730799999999999,-11.863199999999999,-16.5563,YSO,DSS
84.3671,-69.1467,,,,,-1.5899999999999999,-2.92,-4.1,-7.5222,-9.2189,-10.730799999999999,-11.863199999999999,-16.5563,YSO,DSS
84.4597,-69.1853,,,,,-0.8499999999999979,-4.279999999999999,-7.08,-10.5823,-11.725,-12.6492,-13.562,-17.8321,YSO,DSS
84.4785,-69.5766,,,,,,-0.030000000000001137,-2.629999999999999,-6.622999999999999,-8.114099999999999,-9.3445,-10.5537,-15.288,YSO,DSS
84.5676,-69.1697,,-1.7220000000000013,-3.4829999999999988,,,,,-10.980799999999999,-11.2147,-11.5359,-12.1614,-14.2943,RSG,DSS
84.5842,-69.6257,-2.0410000000000004,-3.718,-4.385,,,,,-12.4417,-12.0378,-12.498,-12.6558,-13.4963,OAGB,DSS
84.6416,-69.342,,-3.8759999999999994,-4.043999999999999,-6.618,-7.59,-8.48,,-11.2388,-12.2302,-12.9525,-14.0924,,RSG,DSS
84.8801,-70.2047,,,,,-1.4199999999999982,-2.3299999999999983,-4.74,-8.0521,-9.3772,-10.7144,-11.844999999999999,-16.834,YSO,DSS
84.8847,-69.5806,-0.4759999999999991,-4.148,-5.237,-7.791,,,,-11.6278,-11.4849,-11.7451,-12.064599999999999,-13.7236,RSG,DSS
84.9043,-69.7602,,,,,-0.3299999999999983,-1.4800000000000004,-3.869999999999999,-7.463899999999999,-8.8574,-10.286299999999999,-11.413499999999999,-17.5855,YSO,DSS
84.9126,-69.6532,-1.3150000000000013,-1.2850000000000001,-1.815999999999999,-2.5,-2.030000000000001,-2.6799999999999997,-3.42,,,,,,YSO,DSS
84.9132,-69.2985,,,,,-1.4199999999999982,-2.8200000000000003,-3.67,-6.512699999999999,-7.2133,-8.7683,-10.2417,-16.846799999999998,YSO,DSS
84.9215,-69.4881,,3.673000000000002,2.684000000000001,1.6500000000000021,0.4299999999999997,-1.4299999999999997,-3.41,-6.654999999999999,-8.3418,-9.4797,-10.395299999999999,-14.767399999999999,YSO,DSS
84.9239,-69.77,,,,,-2.0700000000000003,-3.5599999999999987,-5.43,-9.0733,-10.2972,-11.392399999999999,-12.467600000000001,-18.123,YSO,DSS
84.9239,-69.77,,,,,-2.0700000000000003,-3.5599999999999987,-5.43,-9.0733,-10.2972,-11.392399999999999,-12.467600000000001,-18.123,YSO,DSS
84.9333,-69.6428,,,,,-2.3099999999999987,-2.58,-4.309999999999999,-8.9567,-11.0516,-12.6921,-13.8307,,YSO,DSS
84.9369,-69.9217,,,,,-4.27,-6.559999999999999,-8.43,-11.151599999999998,-11.8021,-12.479099999999999,-13.4886,-16.2693,OAGB,DSS
84.9382,-69.7473,-2.731,-1.8069999999999986,-2.3889999999999993,-3.818999999999999,-3.41,-3.6899999999999995,-3.9800000000000004,,,,,-17.2902,YSO,DSS
84.966,-70.0214,,2.7880000000000003,1.3260000000000005,0.0940000000000012,-0.9199999999999982,-2.219999999999999,-4.719999999999999,-8.2547,-9.6116,-10.684,-11.6723,-13.5119,CAGB,DSS
84.9671,-71.1585,,,,,-1.0899999999999999,-3.209999999999999,-5.049999999999999,-7.9864999999999995,-8.8802,-9.7956,-10.6817,-14.8254,YSO,DSS
84.9726,-71.1647,,,,,-1.1099999999999994,-2.3299999999999983,-3.799999999999999,,-7.198699999999999,-8.5313,-10.4386,,YSO,DSS
84.9933,-71.1682,,,,,-0.6699999999999982,-1.8099999999999987,-3.91,-7.6409,-9.1291,-10.291,-11.3616,-16.3812,YSO,DSS
84.9939,-71.1706,,1.3279999999999994,-0.8019999999999996,-1.436,-1.8499999999999979,-2.7699999999999996,-3.59,-6.7501999999999995,-8.1747,-9.4173,-10.8291,-16.7665,YSO,DSS
84.998,-69.6251,,,,,-1.8299999999999983,-3.219999999999999,-5.119999999999999,-8.0863,-9.014199999999999,-10.008899999999999,-11.5029,-16.62,YSO,DSS
85.0502,-70.1544,-0.6140000000000008,-0.8659999999999997,-1.7119999999999997,-2.471,-3.0199999999999996,-3.4000000000000004,-3.51,-3.961499999999999,-3.859,,,-14.361899999999999,YSO,DSS
85.0502,-70.1544,-0.6140000000000008,-0.8659999999999997,-1.7119999999999997,-2.471,-3.0199999999999996,-3.4000000000000004,-3.51,-3.961499999999999,-3.859,,,-14.361899999999999,YSO,DSS
85.0507,-70.1683,-0.3269999999999982,0.06500000000000128,-0.7560000000000002,-0.49599999999999866,-0.9199999999999982,-0.9899999999999984,-1.7699999999999996,,,,,-13.0781,YSO,DSS
85.086,-66.2456,,,,,-1.5199999999999996,-4.1899999999999995,-6.51,-9.510399999999999,-10.5924,-11.5058,-12.335799999999999,-14.029599999999999,CAGB,DSS
85.1018,-69.3548,-2.7669999999999995,-3.356,-5.334,-8.097,,,,-11.0042,-10.9642,-11.2987,-11.7726,-13.9216,RSG,DSS
85.1417,-69.4194,-2.686,-1.931000000000001,-2.3470000000000013,-3.023999999999999,-3.709999999999999,-4.52,-5.969999999999999,-8.680299999999999,-9.7911,-10.7555,-11.937899999999999,-15.0611,YSO,DSS
85.1503,-69.8805,3.007999999999999,2.7169999999999987,2.0180000000000007,1.3629999999999995,-2.75,-5.32,-7.529999999999999,-10.4337,-11.3871,-12.1939,-12.9727,-14.4193,CAGB,DSS
85.1801,-70.1862,,,,,-1.3599999999999994,-2.5599999999999987,-3.26,,-6.072199999999999,-8.1473,-9.7859,-14.6171,YSO,DSS
85.1823,-69.3661,-0.8810000000000002,-3.225999999999999,-4.943999999999999,-8.026,,,,-11.4637,-11.480599999999999,-11.846499999999999,-12.3761,-13.8638,RSG,DSS
85.1833,-69.4318,,,,,-1.4499999999999993,-2.349999999999998,-3.9000000000000004,-6.828099999999999,-7.6639,-8.927299999999999,,-15.1772,YSO,DSS
85.1833,-69.4318,,,,,-1.4499999999999993,-2.349999999999998,-3.9000000000000004,-6.828099999999999,-7.6639,-8.927299999999999,,-15.1772,YSO,DSS
85.1931,-70.1885,,1.2630000000000017,0.4750000000000014,-0.49099999999999966,-1.25,-2.1499999999999986,-2.639999999999999,,-5.0755,-7.831099999999999,-9.3508,-13.7753,YSO,DSS
85.1952,-70.1896,,,,,-1.7899999999999991,-2.2300000000000004,-2.469999999999999,,-5.220599999999999,-7.743499999999999,-9.474599999999999,-14.687999999999999,YSO,DSS
85.2021,-69.56,,-1.4920000000000009,-5.379,,,,,-11.3778,-11.5473,-11.9447,-12.6847,-15.078299999999999,RSG,DSS
85.2303,-69.3904,-1.506999999999998,-3.3659999999999997,-5.564,-8.04,,,,-11.2449,-11.123899999999999,-11.391,-11.6626,-13.5485,RSG,DSS
85.2324,-69.6797,,,,,-1.1699999999999982,-2.67,-4.02,-6.571399999999999,-6.8203,-8.2976,,-12.8137,YSO,DSS
85.2424,-69.8869,,,,,-3.84,-5.779999999999999,-7.5,-9.7308,-10.4979,-11.1945,-11.835899999999999,-12.8988,CAGB,DSS
85.2466,-69.3101,-1.5949999999999989,-2.9960000000000004,-5.224,-7.696,,,,-11.4144,-11.6066,-11.875599999999999,-11.945699999999999,-14.8398,RSG,DSS
85.2786,-69.2875,-1.4269999999999996,-3.106,-5.164,-7.882999999999999,,,,-11.1918,-11.110399999999998,-11.384,-11.6995,-13.877099999999999,RSG,DSS
85.2944,-69.6344,-1.8179999999999978,-3.879999999999999,-5.548,,,,,-11.079799999999999,-11.2905,-11.5903,-11.9401,-14.032499999999999,RSG,DSS
85.3582,-71.2982,,,,,-0.23000000000000043,-0.6499999999999986,-1.25,,-5.616299999999999,-7.8637999999999995,,-15.3332,YSO,DSS
85.5029,-69.1937,-0.843,-2.940999999999999,-4.846,-9.099,,,,-10.0984,-9.8904,-10.175699999999999,-10.4686,-11.8778,RSG,DSS
85.6406,-71.291,0.6460000000000008,0.9250000000000007,0.1700000000000017,-1.0859999999999985,-2.2300000000000004,-2.3200000000000003,-4.17,-6.7265999999999995,-7.3385,-9.1077,-10.7244,-16.0418,YSO,DSS
85.6476,-69.1467,-2.0869999999999997,-3.8859999999999992,-5.904,,,,,-11.0595,-10.8926,-11.1552,-11.474,-13.5962,RSG,DSS
85.7035,-69.7462,-0.14999999999999858,0.7890000000000015,0.722999999999999,-1.0579999999999998,,-0.9699999999999989,-1.4100000000000001,,,,,-15.5186,YSO,DSS
85.8039,-68.5659,-1.5249999999999986,-2.3739999999999988,-2.7349999999999994,-3.968,-4.49,-4.949999999999999,-5.4399999999999995,-7.5342,-8.3806,-9.1066,-9.9705,-11.949,PAGB,DSS
85.8764,-69.4129,0.20400000000000063,0.5949999999999989,-0.370000000000001,0.37900000000000134,-2.0500000000000007,-3.5999999999999996,-5.67,-8.6083,-9.7239,-10.6776,-12.0562,-15.9576,YSO,DSS
85.8764,-69.4129,0.20400000000000063,0.5949999999999989,-0.370000000000001,0.37900000000000134,-2.0500000000000007,-3.5999999999999996,-5.67,-8.6083,-9.7239,-10.6776,-12.0562,-15.9576,YSO,DSS
85.9002,-70.1764,,,,,-1.5500000000000007,-4.049999999999999,-6.279999999999999,-9.203899999999999,-10.5125,-11.2227,-11.8336,-13.2828,CAGB,DSS
86.0569,-69.7384,,,,,-0.25,-3.17,-5.68,-9.1799,-10.5559,-11.6725,-12.6718,-14.6569,CAGB,DSS
86.0575,-66.2791,0.9529999999999994,-2.0779999999999994,-4.671999999999999,-9.554,,,,-11.497699999999998,-11.5093,-11.7778,-12.0636,-13.8871,RSG,DSS
86.2068,-67.3263,-3.5229999999999997,-2.991999999999999,-2.7729999999999997,-2.7829999999999995,-2.6500000000000004,-2.8200000000000003,-3.0599999999999987,,,,,-15.174,YSO,DSS
86.3334,-69.7792,-2.923,-0.5120000000000005,-0.9229999999999983,-1.533999999999999,-2.460000000000001,-3.049999999999999,-3.5299999999999994,,,,,-17.441,YSO,DSS
86.4366,-67.1579,-1.0010000000000012,0.0259999999999998,-0.004999999999999005,-0.9869999999999983,-1.6400000000000006,-2.030000000000001,-4.16,-7.377599999999999,-8.4352,-9.5801,-10.7035,-15.212,YSO,DSS
86.8042,-70.738,,3.961000000000002,2.847999999999999,1.1479999999999997,-1.1799999999999997,-2.3099999999999987,-3.4299999999999997,-6.683399999999999,-7.821299999999999,-9.4869,-11.3187,-15.3464,YSO,DSS
87.0756,-70.0192,,,,,-1.0300000000000011,-1.629999999999999,-2.9299999999999997,,-6.809099999999999,-8.8813,,-17.1779,YSO,DSS
87.1095,-70.1472,,,,,-0.5799999999999983,-1.5999999999999979,-3.42,-6.7189,-7.605699999999999,-8.904399999999999,-10.2935,-15.232299999999999,YSO,DSS
87.1593,-70.0356,,,,,-1.759999999999998,-2.6899999999999995,-4.35,-7.1538,-7.8634,-9.7172,-11.4005,,YSO,DSS
87.287,-71.5353,,4.082000000000001,0.3680000000000021,-3.097999999999999,-5.6899999999999995,-7.219999999999999,,-10.6282,-11.1354,-11.6527,-12.0948,-12.466999999999999,CAGB,DSS
87.3059,-70.7112,,,,,-7.6899999999999995,-8.43,,-9.934899999999999,-10.2211,-10.431099999999999,-10.7371,-12.047999999999998,OAGB,DSS
87.4858,-70.8867,,,,,,-0.7399999999999984,-3.6999999999999993,-9.460099999999999,-10.909199999999998,-12.0583,-13.1406,-15.0976,CAGB,DSS
87.5281,-71.7676,,,,,-2.2399999999999984,-4.42,-6.459999999999999,-9.284699999999999,-10.0558,-10.834499999999998,-11.616299999999999,-13.145199999999999,CAGB,DSS
87.7082,-71.3933,,,,,-0.41000000000000014,-3.0700000000000003,-5.549999999999999,-9.2853,-10.4881,-11.483899999999998,-12.388,-14.0196,CAGB,DSS
88.1159,-69.2361,3.407,-1.602999999999998,-3.3680000000000003,-4.135,-8.1,-9.07,,-9.9535,-10.136099999999999,-10.3204,-10.5237,-11.51,OAGB,DSS
88.4549,-71.0908,0.8180000000000014,-0.9050000000000011,-2.648999999999999,-4.949999999999999,-6.25,-7.09,-7.389999999999999,-8.3095,-9.1653,-9.961,-11.1062,-13.7106,PAGB,DSS
89.6087,-69.7404,-2.5410000000000004,-2.475999999999999,-3.1020000000000003,-3.5839999999999996,,,,-7.196999999999999,-8.1389,-9.6936,-11.729099999999999,-15.4809,PAGB,DSS
90.2131,-66.7443,-3.8309999999999995,-5.632,-7.068,,,,,-10.9981,-10.901,-10.9981,-11.028099999999998,-11.1368,OAGB,DSS
91.1063,-67.3884,-5.359,-6.6,-8.462,,,,,-14.0292,-13.8579,-14.036200000000001,-14.110499999999998,-14.3218,RSG,DSS
81.161,-70.3992,,,,,,-1.9699999999999989,-4.719999999999999,-9.062299999999999,-10.219899999999999,-11.227,-12.113299999999999,-13.892,CAGB,DSS
83.2786,-70.5095,,0.8189999999999991,0.2240000000000002,,-0.6600000000000001,,-4.4399999999999995,-8.5636,-9.9459,-11.1031,-12.1411,-14.110399999999998,CAGB,DSS
14.737258,-72.165012,-1.6720000000000006,-1.0950000000000024,-1.4830000000000005,-1.0250000000000021,-2.120000000000001,-3.0700000000000003,-3.960000000000001,-6.2890000000000015,-7.547000000000001,-8.861,-10.098,-14.534,YSO,DSS
14.772992,-72.176654,-4.925000000000001,-3.9130000000000003,-3.322000000000001,-4.047000000000001,-4.520000000000001,-5.49,-6.790000000000001,-8.859,-9.538,-10.246,-11.726,-17.599,YSO,DSS
14.774849,-72.190814,-4.126000000000001,-3.003,-3.354000000000001,-3.7200000000000006,-4.4300000000000015,-5.040000000000001,-6.15,-8.415000000000001,-9.199000000000002,-10.033000000000001,-10.98,-12.909,YSO,DSS
14.788491,-72.18248,,,,,-2.650000000000002,-4.020000000000001,-5.950000000000001,-8.897,-10.099,-11.136000000000001,-12.149000000000001,-16.759,YSO,DSS
14.801191,-72.166181,-3.719000000000001,-2.3240000000000016,-3.003,-3.5360000000000014,-3.8400000000000016,-4.370000000000001,-5.3100000000000005,-6.986000000000001,-7.582000000000001,-8.538,-10.139000000000001,-15.583000000000002,YSO,DSS
10.707574,-72.919887,1.5899999999999999,1.471,-0.5169999999999995,-4.661000000000001,-7.0,-7.73,-8.020000000000001,-8.227,-8.366000000000001,-8.421000000000001,-8.677000000000001,-9.259,OAGB,DSS
13.037175,-71.606596,-0.9179999999999993,-2.196999999999999,-4.152000000000001,-8.945,-8.440000000000001,,,-9.979000000000001,-9.976,-10.168000000000001,-10.351,-10.699000000000002,OAGB,DSS
13.909404,-73.194964,-0.7620000000000005,0.884999999999998,-4.963000000000001,-9.040000000000001,-8.690000000000001,-9.530000000000001,,-10.591000000000001,-10.747000000000002,-10.792000000000002,-10.812000000000001,-11.447000000000001,OAGB,DSS
14.228465,-72.235568,0.3509999999999991,-2.1110000000000007,-3.798,,-7.91,-8.75,,-9.282,-9.165000000000001,-9.352,-9.442,-9.648000000000001,OAGB,DSS
12.266618,-73.088849,,-2.817,-4.747000000000002,-5.113000000000001,-7.090000000000002,-7.73,-8.200000000000001,-9.649000000000001,-9.767000000000001,-10.005,-10.200000000000001,-10.975000000000001,CAGB,DSS
14.709217,-72.309802,-0.45800000000000196,-0.3030000000000008,-1.1829999999999998,-3.351000000000001,,,,-10.412,-10.579,-10.768,-11.071000000000002,-12.082,OAGB,DSS
8.007005,-73.376261,0.7970000000000006,-2.1910000000000025,-4.170000000000002,-6.449000000000002,-7.91,-8.790000000000001,,-9.211,-9.082,-9.277000000000001,-9.403,-9.755,OAGB,DSS
9.193328,-73.52645,,,,,-1.1000000000000014,-3.16,-5.010000000000002,-8.389000000000001,-9.483,-10.446000000000002,-11.439,-13.919,PAGB,DSS
11.474322,-73.394891,,,,,-2.030000000000001,-4.170000000000002,-6.16,-9.202000000000002,-10.136000000000001,-10.711,-11.285,-12.321000000000002,CAGB,DSS
10.774504,-73.361337,,,,,-2.3900000000000006,-4.700000000000001,-6.780000000000001,-8.945,-9.834000000000001,-10.566,-11.205000000000002,-12.413,CAGB,DSS
12.530019,-73.52356,,,,,-7.460000000000001,,,-12.34,-12.651,-13.453000000000001,-14.170000000000002,-16.369,RSG,DSS
11.668243,-73.280085,,,,,-4.08,-6.0600000000000005,-7.920000000000002,-10.442,-11.306000000000001,-12.05,-12.808,-14.195,CAGB,DSS
12.218696,-73.149212,,,,,-3.3100000000000005,-5.260000000000002,-7.020000000000001,-10.171000000000001,-10.672,-11.162,-11.643,-11.817,CAGB,DSS
14.8476,-73.933538,,,,,-5.780000000000001,-7.1800000000000015,-8.31,-9.775,-10.109,-10.382000000000001,-10.774000000000001,-10.979000000000001,CAGB,DSS
11.258901,-72.873548,,3.4869999999999983,2.9220000000000006,0.2680000000000007,-4.170000000000002,-6.140000000000001,-7.83,-9.590000000000002,-10.376000000000001,-10.984000000000002,-11.623000000000001,-12.908000000000001,CAGB,DSS
12.958699,-72.84693,,,,,-5.73,-7.290000000000001,-8.63,-10.742,-11.157,-11.593,-11.953000000000001,,CAGB,DSS
13.593108,-72.725122,,0.8739999999999988,0.36999999999999744,-0.5350000000000001,-2.830000000000002,-5.270000000000001,-7.340000000000002,-9.823,-10.690000000000001,-11.372,-11.974,-12.734000000000002,CAGB,DSS
12.753033,-72.422124,,,,,-4.270000000000001,-6.15,-7.760000000000002,-9.713000000000001,-10.403,-11.089,-11.652000000000001,-12.891000000000002,CAGB,DSS
16.376219,-72.8315,-3.2510000000000012,-2.4879999999999995,-2.4939999999999998,-2.495000000000001,-3.6000000000000014,-5.210000000000001,-7.010000000000002,-9.791,-10.755,-11.524000000000001,-12.518,-16.753,YSO,DSS
14.295848,-72.516785,1.445999999999998,1.6549999999999976,0.5,-0.7300000000000004,-4.07,-5.770000000000001,-7.220000000000001,-9.562000000000001,-10.192,-10.754000000000001,-11.255,-11.944,CAGB,DSS
11.711649,-71.794419,,,,,-3.450000000000001,-5.33,-7.0600000000000005,-9.533000000000001,-10.097000000000001,-10.607000000000001,-11.073,-11.82,CAGB,DSS
16.514021,-72.375768,,,,,-2.7300000000000004,-4.790000000000001,-6.710000000000001,-9.028,-9.976,-10.685,-11.283000000000001,-11.892000000000001,CAGB,DSS
10.718041,-73.847521,0.6720000000000006,-0.4480000000000004,-2.522000000000002,-6.038,-7.720000000000001,-8.57,,-10.245000000000001,-10.595,-11.125,-11.756,-13.572000000000001,OAGB,DSS
11.903188,-73.079109,-3.357000000000001,-4.226000000000001,-6.224,-8.424000000000001,-9.670000000000002,,,-10.921000000000001,-10.917000000000002,-11.146,-11.319,-11.725000000000001,RSG,DSS
12.165354,-73.41697,,0.23799999999999955,-0.402000000000001,-1.5850000000000009,-2.6300000000000026,-3.4400000000000013,-4.75,-7.442,-8.592,-9.731000000000002,-10.990000000000002,-14.991000000000001,YSO,DSS
12.685028,-72.627778,,0.8179999999999978,-1.4789999999999992,-4.113000000000001,-5.940000000000001,-7.07,-7.710000000000001,-8.905000000000001,-9.348,-9.968,-11.118000000000002,-13.737000000000002,OAGB,DSS
15.200856,-72.850658,0.7579999999999991,2.105999999999998,0.9879999999999995,-5.193000000000001,-7.950000000000001,-8.72,,-11.069,-11.165000000000001,-11.392000000000001,-11.852,-14.274000000000001,RSG,DSS
13.825239,-72.092104,-2.214000000000002,1.311,-4.219000000000001,-8.867,-8.58,-9.32,,-10.049000000000001,-10.126000000000001,-10.402000000000001,-10.541,-10.584000000000001,OAGB,DSS
12.52657,-73.469612,-2.897000000000002,-4.416,-6.314,,,,,-10.680000000000001,-10.559000000000001,-10.763000000000002,-10.995000000000001,-12.184000000000001,RSG,DSS
12.873407,-73.178952,-3.2970000000000006,-4.626000000000001,-6.574000000000002,-9.065000000000001,,,,-11.007000000000001,-11.003,-11.267000000000001,-11.577000000000002,-13.484000000000002,RSG,DSS
13.861291,-72.599114,-3.3070000000000004,-4.556000000000001,-6.304,-9.384,,,,-10.402000000000001,-10.356000000000002,-10.551,-10.765,-12.530000000000001,RSG,DSS
11.631565,-73.479534,,,,,-7.270000000000001,-8.520000000000001,,-10.719000000000001,-11.117,-11.585,-12.3,-15.468,OAGB,DSS
11.773135,-73.359267,,1.4699999999999989,1.1690000000000005,,-4.960000000000001,-6.66,-8.14,-10.185,-10.824000000000002,-11.431000000000001,-11.893,-12.375,CAGB,DSS
10.914854,-73.249443,0.8019999999999996,0.2699999999999996,-0.9529999999999994,-1.8150000000000013,-4.57,-6.050000000000001,-7.510000000000002,-9.537,-10.204,-10.696000000000002,-11.245000000000001,-11.824000000000002,CAGB,DSS
10.670147,-72.951651,,,,,-6.170000000000002,-7.640000000000001,-8.88,-10.045000000000002,-10.732000000000001,-11.308,-11.860000000000001,-12.552,CAGB,DSS
12.918612,-72.958098,1.279,1.3689999999999998,1.1819999999999986,,-5.050000000000001,-6.450000000000001,-7.620000000000001,-9.105,-9.288,-9.629000000000001,-10.081000000000001,-10.198,CAGB,DSS
13.16711,-72.791103,1.3129999999999988,1.6699999999999982,1.3350000000000009,,-5.1800000000000015,-6.75,-8.110000000000001,-10.407,-10.874,-11.325000000000001,-11.699000000000002,-11.809000000000001,CAGB,DSS
13.2924,-72.198457,1.105999999999998,0.28699999999999903,-0.3230000000000004,-3.4620000000000015,-5.99,-7.360000000000001,-8.530000000000001,-10.124,-10.530000000000001,-10.886000000000001,-11.271,-11.351,CAGB,DSS
14.068444,-72.278275,,,,,-2.8100000000000023,-5.030000000000001,-6.970000000000001,-9.643,-10.41,-10.907,-11.839,-12.606000000000002,CAGB,DSS
17.005131,-72.888175,,,,,-5.880000000000001,-7.1800000000000015,-8.110000000000001,-9.071000000000002,-9.223,-9.577000000000002,-10.018,-10.222000000000001,CAGB,DSS
17.103922,-72.882343,,,,,-6.050000000000001,-7.16,-7.890000000000001,-8.719000000000001,-8.575000000000001,-8.586,-9.227,-9.167000000000002,CAGB,DSS
17.086118,-72.88105,-2.437000000000001,-1.4370000000000012,-2.5980000000000025,-5.1850000000000005,-6.270000000000001,-7.3100000000000005,-7.99,-8.654000000000002,-8.548,-8.632000000000001,-9.175,-9.311000000000002,CAGB,DSS
8.905255,-73.165481,,,,,-7.23,-8.4,,-9.795000000000002,-10.312000000000001,-10.651000000000002,-11.049000000000001,-11.898,CAGB,DSS
13.288216,-73.067706,-3.737,-5.006,-6.824000000000002,,-9.770000000000001,,,-10.977,-10.917000000000002,-11.055,-11.247,-12.281,RSG,DSS
13.725819,-73.054895,2.289999999999999,2.196999999999999,2.1389999999999993,,-3.3200000000000003,-5.280000000000001,-6.98,-10.407,-10.874,-11.523,-12.217,-12.844000000000001,CAGB,DSS
13.711889,-73.102029,,,,,-4.23,-5.920000000000002,-7.370000000000001,-9.670000000000002,-10.116000000000001,-10.568000000000001,-10.985000000000001,-11.681000000000001,CAGB,DSS
15.477711,-72.972888,,,,,-3.9800000000000004,-5.720000000000001,-7.190000000000001,-8.752,-9.369000000000002,-10.078000000000001,-10.450000000000001,-10.871,CAGB,DSS
13.695331,-73.227122,,,,,-4.58,-6.07,-7.340000000000002,-9.305000000000001,-9.735000000000001,-10.258000000000001,-10.556000000000001,-10.717,CAGB,DSS
14.335723,-73.212716,,2.0559999999999974,-2.2230000000000025,-4.8740000000000006,-5.390000000000001,-6.66,-7.720000000000001,-9.183000000000002,-9.494000000000002,-9.790000000000001,-10.145000000000001,-10.615,CAGB,DSS
13.978237,-73.193378,,,,,-5.510000000000002,-6.790000000000001,-7.870000000000001,-8.933000000000002,-9.170000000000002,-9.488000000000001,-9.727,-10.078000000000001,CAGB,DSS
14.266008,-73.587376,,,,,-1.4200000000000017,-4.08,-6.450000000000001,-9.467,-10.607000000000001,-11.524000000000001,-12.453000000000001,-14.085,CAGB,DSS
17.072723,-72.885916,,,,,,,-4.600000000000001,-8.531,-9.969000000000001,-11.261000000000001,-12.278,-14.184000000000001,CAGB,DSS
17.054096,-72.878791,-0.375,-0.3230000000000004,-0.5100000000000016,-3.123000000000001,-4.5,-6.110000000000001,-7.640000000000001,-9.751000000000001,-10.339,-10.930000000000001,-11.491,-12.232000000000001,CAGB,DSS
16.111272,-72.577837,-0.4720000000000013,-2.237000000000002,-4.187000000000001,-6.622000000000002,-8.31,,,-9.883000000000001,-9.75,-9.949000000000002,-10.044,-10.397,OAGB,DSS
13.414551,-72.877513,0.2829999999999977,-1.404,-3.833,-6.3980000000000015,-8.010000000000002,-8.88,,-9.467,-9.398000000000001,-9.544,-9.658000000000001,-9.959000000000001,OAGB,DSS
11.219657,-73.307094,,,,,-5.840000000000002,-7.08,-7.870000000000001,-9.226,-9.723,-10.397,-11.379000000000001,-13.827000000000002,OAGB,DSS
12.21607,-73.377631,,,,,-9.24,-9.950000000000001,,-10.664000000000001,-10.548,-10.844000000000001,-11.066,-12.954,RSG,DSS
13.054224,-73.148022,,-1.7729999999999997,-3.530000000000001,-6.029000000000002,-7.15,-7.73,-8.4,-10.16,-10.473,-10.692,-11.493000000000002,-14.226,OAGB,DSS
17.043394,-73.264603,,,,,-7.23,-7.9300000000000015,,-9.802000000000001,-9.99,-10.312000000000001,-10.947000000000001,-14.079,OAGB,DSS
15.804356,-72.157328,-1.2370000000000019,-4.736000000000001,-6.384,,,,,-10.537,-10.537,-10.746,-11.0,-12.850000000000001,RSG,DSS
12.193341,-73.472469,-3.4570000000000007,-4.686000000000002,-6.474,,,,,-10.615,-10.489,-10.661000000000001,-10.755,-11.434000000000001,RSG,DSS
14.896206,-72.068412,-3.317,-4.126000000000001,-6.004000000000001,,,,,-10.8,-10.751000000000001,-10.959000000000001,-11.161000000000001,-12.839,RSG,DSS
15.476012,-71.871864,-2.2170000000000023,-4.0760000000000005,-6.014000000000001,,,,,-10.402000000000001,-10.291,-10.458,-10.595,-11.657,RSG,DSS
15.759311,-72.031471,-1.873000000000001,-1.846,-4.813000000000001,,,,,-10.632000000000001,-10.824000000000002,-11.083000000000002,-11.43,-13.07,RSG,DSS
9.248783,-74.330709,-1.9250000000000007,-3.0070000000000014,-4.373000000000001,-5.971,,,,-11.325000000000001,-11.898,-12.442,-13.16,-15.41,CAGB,DSS
14.026905,-72.474475,-1.811,-1.2669999999999995,-1.748000000000001,-2.492000000000001,-3.3400000000000016,-3.710000000000001,-4.4300000000000015,-6.433000000000002,-7.402000000000001,-8.391,-10.104000000000001,-14.124,YSO,DSS
18.928878,-73.16639,-2.5070000000000014,-1.6780000000000008,-2.8100000000000023,-3.710000000000001,-4.41,-4.710000000000001,-5.270000000000001,-6.693000000000001,-7.41,-8.593,-10.761000000000001,-15.547,YSO,DSS
18.421817,-72.847316,-1.2759999999999998,-0.8150000000000013,0.7680000000000007,-2.775000000000002,-3.530000000000001,-3.960000000000001,-4.670000000000002,-6.433000000000002,-7.348000000000001,-8.419,-10.513000000000002,-14.905000000000001,YSO,DSS
13.514404,-73.327394,-0.35900000000000176,-0.0010000000000012221,-0.6300000000000026,-1.3130000000000024,-2.0,-2.99,-4.620000000000001,-8.081000000000001,-9.790000000000001,-11.122,-12.185,-16.584,YSO,DSS
16.443585,-71.78484,-3.5250000000000004,-3.144,-3.521000000000001,-3.867000000000001,-4.260000000000002,-4.360000000000001,-4.550000000000001,-5.402000000000001,-6.022,-8.346,-10.833,-14.048000000000002,PAGB,DSS
13.509918,-73.355125,,1.4860000000000007,0.666999999999998,-0.8889999999999993,-2.289999999999999,-3.4800000000000004,-5.170000000000002,-8.564,-9.988000000000001,-11.044,-12.075000000000001,-16.087,YSO,DSS
13.356301,-72.714851,-1.990000000000002,-1.3629999999999995,-1.7250000000000014,-1.8180000000000014,-2.120000000000001,-2.9499999999999993,-3.120000000000001,-5.145000000000001,-5.384,-7.822000000000001,-9.768,-15.376000000000001,YSO,DSS
13.162196,-73.440067,-2.16,-1.2850000000000001,-2.497,-2.2379999999999995,-2.6999999999999993,-3.210000000000001,-3.6400000000000006,-5.828000000000001,-5.866000000000001,-8.418000000000001,-10.222000000000001,-16.286,YSO,DSS
12.74259,-73.132449,-0.08000000000000185,-0.4700000000000024,-0.9170000000000016,,-2.8200000000000003,-3.4000000000000004,-4.170000000000002,-6.149000000000001,-6.783000000000001,-8.045000000000002,-9.768,-14.510000000000002,YSO,DSS
12.681514,-72.782346,-2.4909999999999997,-1.4370000000000012,-1.9789999999999992,-2.705000000000002,-1.8599999999999994,-2.6799999999999997,-3.4000000000000004,-5.8690000000000015,-6.083,-8.234,-9.993,-16.229,YSO,DSS
12.668263,-73.343665,-0.8949999999999996,-0.7989999999999995,-0.8390000000000022,-1.463000000000001,-1.7899999999999991,-1.7800000000000011,-2.6700000000000017,-4.896000000000001,-4.981000000000002,-7.508000000000001,-9.072000000000001,-13.954,YSO,DSS
12.436182,-73.409188,-1.096,-0.8339999999999996,-1.1910000000000025,-1.7040000000000006,-1.4400000000000013,-2.3000000000000007,-2.580000000000002,,-5.120000000000001,-7.634,-9.075000000000001,-13.587,YSO,DSS
16.220849,-72.797081,-1.3949999999999996,-3.7070000000000007,-5.4190000000000005,,,,,-9.942,-9.848,-10.044,-10.145000000000001,-11.139000000000001,RSG,DSS
15.814697,-72.67002,-3.5470000000000006,-4.296000000000001,-5.804,-8.926,-8.430000000000001,-9.190000000000001,,-9.505,-9.374,-9.511000000000001,-9.575000000000001,-9.99,RSG,DSS
15.768536,-72.570291,-3.7570000000000014,-4.296000000000001,-5.9940000000000015,,,,,-10.527000000000001,-10.424000000000001,-10.649000000000001,-10.793000000000001,-11.059000000000001,RSG,DSS
15.516943,-72.436353,-4.3370000000000015,-4.346,-5.674000000000001,,-8.530000000000001,,,-9.707,-9.566,-9.708,-9.784,-10.017000000000001,RSG,DSS
15.926452,-72.228467,-5.140000000000001,-5.031000000000001,-4.961,-5.340000000000002,-5.940000000000001,-6.360000000000001,-7.16,-8.991000000000001,-9.756,-10.361,-11.423000000000002,-13.681000000000001,PAGB,DSS
12.535616,-72.838868,1.4190000000000005,1.2159999999999975,1.3610000000000007,,-5.970000000000001,-7.040000000000001,-7.6800000000000015,-8.459000000000001,-8.345,-8.441,-9.061000000000002,-9.301,CAGB,DSS
11.186602,-73.23554,-0.6380000000000017,-2.9910000000000014,-4.944000000000001,-6.832000000000001,-8.08,-9.170000000000002,,-9.551,-9.483,-9.698,-9.838000000000001,-10.384,OAGB,DSS
10.860657,-73.445477,,,,,-5.83,-7.030000000000001,-7.840000000000002,-8.733,-8.649000000000001,-8.696000000000002,-9.306000000000001,-9.601,CAGB,DSS
12.24807,-73.594093,-0.9190000000000005,-0.35600000000000165,-0.38200000000000145,-0.2789999999999999,-4.720000000000001,-6.66,-8.39,-10.850000000000001,-11.556000000000001,-12.222000000000001,-12.858,-14.067,CAGB,DSS
12.25741,-73.186088,,0.31899999999999906,-0.4400000000000013,-1.4990000000000023,-1.3200000000000003,-2.3100000000000023,-2.9499999999999993,,-5.5870000000000015,-8.069,-9.752,-16.482,YSO,DSS
12.174852,-73.437662,-3.6140000000000008,-3.4890000000000008,-3.5600000000000005,-3.4350000000000005,-3.2700000000000014,-3.6900000000000013,-3.630000000000001,,-5.8050000000000015,-7.505000000000001,-9.055000000000001,-15.294,YSO,DSS
11.234778,-73.169878,,-0.3710000000000022,-1.5790000000000006,-2.841000000000001,-3.7200000000000006,-4.630000000000001,-6.25,-9.351,-10.681000000000001,-11.753,-12.657,-17.794,YSO,DSS
12.107916,-73.099127,-2.1610000000000014,-0.7050000000000018,-0.7570000000000014,-1.8130000000000024,-2.039999999999999,-3.0600000000000005,-3.4400000000000013,-6.129000000000001,-7.1030000000000015,-8.665000000000001,-10.156,-16.253,YSO,DSS
11.171672,-73.360137,0.28800000000000026,-1.436,-3.0,-4.503,-5.290000000000001,-5.6800000000000015,-5.82,-6.667000000000002,-7.0760000000000005,-8.567,-10.653,-13.811,PAGB,DSS
11.716124,-73.257081,-1.4670000000000023,-1.0100000000000016,-0.9230000000000018,-1.8500000000000014,-2.3000000000000007,-2.3100000000000023,-2.7699999999999996,-5.344000000000001,-5.0550000000000015,-8.568000000000001,-10.216000000000001,-13.46,YSO,DSS
11.602808,-73.368737,,,,,-0.8100000000000023,-1.9800000000000004,-3.2700000000000014,-6.476000000000001,-8.187000000000001,-9.204,-10.216000000000001,-15.033000000000001,YSO,DSS
11.44835,-73.361744,-3.1590000000000007,-2.492000000000001,-2.4849999999999994,-2.370000000000001,-1.2100000000000009,-2.3100000000000023,-3.860000000000001,-6.645000000000001,-7.734,-8.590000000000002,-9.658000000000001,-13.760000000000002,YSO,DSS
11.339775,-73.205187,-2.503,-1.7050000000000018,-2.496000000000002,-3.3560000000000016,-3.540000000000001,-3.880000000000001,-4.390000000000001,-5.965000000000002,-6.665000000000001,-7.472000000000001,-8.597000000000001,-13.3,YSO,DSS
11.2163,-72.959503,,1.440999999999999,0.5489999999999995,-0.8930000000000007,-2.1700000000000017,-3.630000000000001,-4.83,-7.24,-8.315000000000001,-9.3,-10.695,-16.295,YSO,DSS
10.80394,-72.999509,,,,,-2.2300000000000004,-3.1900000000000013,-3.0700000000000003,-5.540000000000001,-5.609,-8.584000000000001,-10.356000000000002,-15.623000000000001,YSO,DSS
16.581277,-71.933145,-2.3800000000000026,-1.5429999999999993,-1.4920000000000009,-1.6930000000000014,-2.5600000000000023,-3.370000000000001,-4.33,-6.058000000000002,-6.737,-7.827000000000002,-9.252,-13.832,YSO,DSS
16.369202,-71.995158,-0.7609999999999992,0.16900000000000048,-0.679000000000002,-1.7899999999999991,-2.4400000000000013,-3.0700000000000003,-3.9000000000000004,-5.75,-6.486000000000001,-7.366000000000001,-8.985000000000001,-13.175,YSO,DSS
17.259127,-71.402842,-1.5130000000000017,-1.0370000000000026,-3.1850000000000005,-4.242000000000001,-8.16,-8.89,,-9.546000000000001,-9.826,-10.392000000000001,-11.659,-15.817,OAGB,DSS
15.995272,-72.925682,-0.9310000000000009,-0.1509999999999998,-1.2349999999999994,-1.1110000000000007,-1.6500000000000021,-2.1300000000000026,-2.6799999999999997,-4.247000000000002,-4.620000000000001,-6.568000000000001,-7.937000000000001,-11.854000000000001,YSO,DSS
13.307205,-72.739605,-3.0540000000000003,-2.311,-2.5630000000000024,-3.2540000000000013,-3.540000000000001,-3.870000000000001,-4.300000000000001,-5.688000000000001,-6.197000000000001,-7.763000000000002,-9.526000000000002,-15.692,YSO,DSS
13.306288,-73.204885,,1.3699999999999974,-0.5549999999999997,-1.5420000000000016,-2.1400000000000006,-3.0900000000000016,-3.8100000000000005,-5.615,-6.614000000000001,-7.711,-9.164000000000001,-15.296000000000001,YSO,DSS
13.266737,-73.193705,-1.2810000000000024,-0.8010000000000019,-1.184000000000001,-1.7669999999999995,-2.3000000000000007,-2.789999999999999,-3.2600000000000016,-4.861000000000001,-5.101000000000001,-7.290000000000001,-8.765,-13.030000000000001,YSO,DSS
12.726423,-73.404664,,1.1259999999999977,0.5259999999999998,-0.7989999999999995,-2.280000000000001,-3.0100000000000016,-3.870000000000001,-5.7570000000000014,-6.521000000000001,-7.766,-9.585,-14.475000000000001,YSO,DSS
12.423078,-72.81352,-4.172000000000001,-2.654,-2.882999999999999,-3.088000000000001,-3.040000000000001,-3.4300000000000015,-3.4200000000000017,,-5.907,-7.726000000000001,-9.219000000000001,-16.101,YSO,DSS
12.205005,-73.189984,-1.493000000000002,-0.8160000000000025,-1.7070000000000007,-1.1170000000000009,-2.2600000000000016,-2.740000000000002,-3.130000000000001,-4.8210000000000015,-5.3050000000000015,-6.891,-8.392000000000001,-12.805,YSO,DSS
11.732368,-73.532868,,-0.4700000000000024,-0.5640000000000001,-1.5519999999999996,-1.7899999999999991,-2.7699999999999996,-3.5600000000000005,-5.471,-6.292000000000002,-7.8740000000000006,-9.222000000000001,-13.901,YSO,DSS
11.429792,-73.290656,-2.147000000000002,-1.7070000000000007,-2.059000000000001,-2.3049999999999997,-2.490000000000002,-2.7300000000000004,-3.1700000000000017,-4.569000000000001,-4.747000000000002,-6.859,-8.342,-12.894000000000002,YSO,DSS
16.4555,-71.996819,1.1720000000000006,1.1559999999999988,0.36100000000000065,-0.7550000000000026,-2.3500000000000014,-3.5,-5.380000000000001,-8.700000000000001,-10.033000000000001,-11.067,-12.075000000000001,-16.292,YSO,DSS
10.811934,-73.011849,-0.022999999999999687,-0.0010000000000012221,-0.7250000000000014,-0.9589999999999996,-1.7100000000000009,-2.8000000000000007,-3.5500000000000007,-5.735000000000001,-6.361000000000001,-7.835000000000001,-9.911000000000001,-15.778,YSO,DSS
14.072929,-72.451334,,-0.01600000000000179,-1.5330000000000013,-4.5600000000000005,-6.280000000000001,-7.4,-8.0,-8.897,-8.697000000000001,-8.709000000000001,-9.393,-9.590000000000002,CAGB,DSS
16.748374,-72.845187,-2.375,-0.7349999999999994,-1.9550000000000018,-2.6030000000000015,-3.1400000000000006,-3.9800000000000004,-5.220000000000001,-7.600000000000001,-8.417000000000002,-9.339,-10.337000000000002,-13.622,YSO,DSS
16.37794,-71.922594,,,,,-1.5,-2.66,-3.3400000000000016,-5.934000000000001,-7.452000000000002,-8.941,-10.263000000000002,-15.589,YSO,DSS
16.280345,-71.995185,-1.3900000000000006,-1.0100000000000016,-1.152000000000001,,-1.6000000000000014,-3.110000000000001,-5.1800000000000015,-8.690000000000001,-10.182,-11.559000000000001,-13.117,-18.183,YSO,DSS
15.77599,-72.062044,-1.4450000000000003,-0.8500000000000014,-0.7579999999999991,0.0990000000000002,-1.1400000000000006,-1.740000000000002,-2.5,-4.537000000000001,-4.732000000000001,-7.066000000000001,,-13.981000000000002,YSO,DSS
15.702364,-71.888339,,,,,-1.5199999999999996,-2.039999999999999,-3.33,,,-8.071000000000002,-9.133000000000001,-15.496,YSO,DSS
15.38216,-71.844485,,-1.814,-1.5229999999999997,-2.6389999999999993,-2.8900000000000006,-3.3400000000000016,-3.290000000000001,,-5.721,-7.953000000000001,-9.631,-16.18,YSO,DSS
15.093451,-72.166074,-0.23199999999999932,0.7959999999999994,0.24799999999999756,-0.4450000000000003,,-2.539999999999999,-4.040000000000001,-6.312000000000001,-7.340000000000002,-8.235000000000001,-9.464,-13.690000000000001,YSO,DSS
14.527078,-72.068717,-0.45899999999999963,-0.3880000000000017,-0.9260000000000019,-1.6720000000000006,-2.3599999999999994,-2.830000000000002,-3.2700000000000014,-5.527000000000001,-5.66,-8.032,-9.622000000000002,-15.645000000000001,YSO,DSS
14.488457,-72.654396,-1.4329999999999998,-0.6829999999999998,-1.1649999999999991,-1.9370000000000012,-2.4200000000000017,-3.1400000000000006,-4.140000000000001,-6.686000000000002,-7.2730000000000015,-8.261000000000001,-9.226,-15.289000000000001,YSO,DSS
14.027887,-72.789808,-1.4450000000000003,-1.0839999999999996,-1.4770000000000003,-2.0139999999999993,-2.740000000000002,-3.0900000000000016,-3.2300000000000004,-5.481000000000002,-5.975000000000001,-7.743,-9.168000000000001,-15.34,YSO,DSS
16.039817,-72.837738,-2.196999999999999,-3.7460000000000004,-5.564,,,,,-9.699000000000002,-9.711,-9.922,-10.05,-10.804,OAGB,DSS
